curationNo,cntntsSj,curationImgUrl,contentCnt,atchmnflGroupEsntlCode,atchmnflStreNm
2138,,https://nongsaro.go.kr/portal/imgView.do?ep=a5gb/CMEYLclIUPoWw9/DZpAzn2z8@sWTCNA5pR4wDX5KChZXZIK8tv0sIsNFJFOVJfVLXCV1eYyTFHg31nAnw!!,1,BS000000045108,BS000000045108_0.jpg
2137,,https://nongsaro.go.kr/portal/imgView.do?ep=a5gb/CMEYLclIUPoWw9/DZpAzn2z8@sWTCNA5pR4wDVKd@4BwyIJaCjSfVuQcLHmVJfVLXCV1eYyTFHg31nAnw!!,1,BS000000045102,BS000000045102_0.jpg
2136,,https://nongsaro.go.kr/portal/imgView.do?ep=a5gb/CMEYLclIUPoWw9/DZpAzn2z8@sWTCNA5pR4wDXrgD@8@AkQJuz2HVcW3EhrVJfVLXCV1eYyTFHg31nAnw!!,1,BS000000045096,BS000000045096_0.jpg
2135,,https://nongsaro.go.kr/portal/imgView.do?ep=a5gb/CMEYLclIUPoWw9/DZpAzn2z8@sWTCNA5pR4wDV6BQGLbTQKww4syquemU12VJfVLXCV1eYyTFHg31nAnw!!,1,BS000000045090,BS000000045090_0.jpg
2134,,https://nongsaro.go.kr/portal/imgView.do?ep=a5gb/CMEYLclIUPoWw9/DZpAzn2z8@sWTCNA5pR4wDW71cgz9bcqqwb/vU0hCbOSVJfVLXCV1eYyTFHg31nAnw!!,1,BS000000045079,BS000000045079_0.jpg
2133,,https://nongsaro.go.kr/portal/imgView.do?ep=a5gb/CMEYLclIUPoWw9/DZpAzn2z8@sWTCNA5pR4wDX7B/@68VtTf9Ys3y6TNtkRVJfVLXCV1eYyTFHg31nAnw!!,1,BS000000045073,BS000000045073_0.jpg
2132,,https://nongsaro.go.kr/portal/imgView.do?ep=a5gb/CMEYLclIUPoWw9/DZpAzn2z8@sWTCNA5pR4wDVWYvLQgyjuKNDRjVVXY94Rr/BD1mimyxS24DCPRsGqxQ!!,1,BS000000045067,BS000000045067_1.jpg
2131,,https://nongsaro.go.kr/portal/imgView.do?ep=a5gb/CMEYLclIUPoWw9/DZpAzn2z8@sWTCNA5pR4wDVkFvxuIiDRo3P4DqBxDHhZVJfVLXCV1eYyTFHg31nAnw!!,1,BS000000045044,BS000000045044_0.jpg
2130,,https://nongsaro.go.kr/portal/imgView.do?ep=a5gb/CMEYLclIUPoWw9/DZpAzn2z8@sWTCNA5pR4wDV6U/zik5@glRLQ8t7S@jaJVJfVLXCV1eYyTFHg31nAnw!!,1,BS000000045038,BS000000045038_0.jpg
2129,,https://nongsaro.go.kr/portal/imgView.do?ep=a5gb/CMEYLclIUPoWw9/DZpAzn2z8@sWTCNA5pR4wDVJyUE3lxhVZdMOdG2jNfk9VJfVLXCV1eYyTFHg31nAnw!!,1,BS000000044992,BS000000044992_0.jpg
2128,,https://nongsaro.go.kr/portal/imgView.do?ep=a5gb/CMEYLclIUPoWw9/DZpAzn2z8@sWTCNA5pR4wDXK6XpNIKwFRCG/QF7tI75gVJfVLXCV1eYyTFHg31nAnw!!,1,BS000000044986,BS000000044986_0.jpg
2127,,https://nongsaro.go.kr/portal/imgView.do?ep=a5gb/CMEYLclIUPoWw9/DZpAzn2z8@sWTCNA5pR4wDVAwXWUz/PtJmaWKCf@ZctkVJfVLXCV1eYyTFHg31nAnw!!,1,BS000000044980,BS000000044980_0.jpg
2125,,https://nongsaro.go.kr/portal/imgView.do?ep=a5gb/CMEYLclIUPoWw9/DZpAzn2z8@sWTCNA5pR4wDUgQicVggKUAjw3/MBfqBHKVJfVLXCV1eYyTFHg31nAnw!!,1,BS000000044968,BS000000044968_0.jpg
2124,,https://nongsaro.go.kr/portal/imgView.do?ep=a5gb/CMEYLclIUPoWw9/DZpAzn2z8@sWTCNA5pR4wDWRorCYILRakcexHlVyuJm3VJfVLXCV1eYyTFHg31nAnw!!,1,BS000000044962,BS000000044962_0.jpg
2123,,https://nongsaro.go.kr/portal/imgView.do?ep=a5gb/CMEYLclIUPoWw9/DZpAzn2z8@sWTCNA5pR4wDVS3pkUE191dLpuvYhBwH0BVJfVLXCV1eYyTFHg31nAnw!!,1,BS000000044838,BS000000044838_0.jpg
2122,,https://nongsaro.go.kr/portal/imgView.do?ep=a5gb/CMEYLclIUPoWw9/DZpAzn2z8@sWTCNA5pR4wDW4h9wamIQeNJS3F3GxbyMmVJfVLXCV1eYyTFHg31nAnw!!,1,BS000000044832,BS000000044832_0.jpg
2121,,https://nongsaro.go.kr/portal/imgView.do?ep=a5gb/CMEYLclIUPoWw9/DZpAzn2z8@sWTCNA5pR4wDXE6cX5rsJzWyqZd@jO5bB1VJfVLXCV1eYyTFHg31nAnw!!,1,BS000000044826,BS000000044826_0.jpg
2120,,https://nongsaro.go.kr/portal/imgView.do?ep=a5gb/CMEYLclIUPoWw9/DZpAzn2z8@sWTCNA5pR4wDXygiHqCDhJMv9slknQRzHOVJfVLXCV1eYyTFHg31nAnw!!,1,BS000000044820,BS000000044820_0.jpg
2117,,https://nongsaro.go.kr/portal/imgView.do?ep=a5gb/CMEYLclIUPoWw9/DZpAzn2z8@sWTCNA5pR4wDXnDdsCJda@q5AiVObEIg7yVJfVLXCV1eYyTFHg31nAnw!!,1,BS000000044798,BS000000044798_0.jpg
2116,,https://nongsaro.go.kr/portal/imgView.do?ep=a5gb/CMEYLclIUPoWw9/DZpAzn2z8@sWTCNA5pR4wDWy2foX4Z89rQHRPUNu55CyVJfVLXCV1eYyTFHg31nAnw!!,1,BS000000044792,BS000000044792_0.jpg
2115,,https://nongsaro.go.kr/portal/imgView.do?ep=a5gb/CMEYLclIUPoWw9/DZpAzn2z8@sWTCNA5pR4wDWrrs/dn01GO6I5rE/nzvamVJfVLXCV1eYyTFHg31nAnw!!,1,BS000000044786,BS000000044786_0.jpg
2119,,https://nongsaro.go.kr/portal/imgView.do?ep=a5gb/CMEYLclIUPoWw9/DZpAzn2z8@sWTCNA5pR4wDUqN0lXcM1RJ/CwiL/Yigu4VJfVLXCV1eYyTFHg31nAnw!!,1,BS000000044810,BS000000044810_0.jpg
2118,,https://nongsaro.go.kr/portal/imgView.do?ep=a5gb/CMEYLclIUPoWw9/DZpAzn2z8@sWTCNA5pR4wDUNftsaqbmPROsaNOjfYxjOVJfVLXCV1eYyTFHg31nAnw!!,1,BS000000044804,BS000000044804_0.jpg
2114,,https://nongsaro.go.kr/portal/imgView.do?ep=a5gb/CMEYLclIUPoWw9/DZpAzn2z8@sWTCNA5pR4wDWfQt2BKMuNj5fAGS@KBE/WVJfVLXCV1eYyTFHg31nAnw!!,1,BS000000044762,BS000000044762_0.jpg
2113,,https://nongsaro.go.kr/portal/imgView.do?ep=a5gb/CMEYLclIUPoWw9/DZpAzn2z8@sWTCNA5pR4wDWfLNdE9pUvw9ksR7YBNiZfVJfVLXCV1eYyTFHg31nAnw!!,1,BS000000044756,BS000000044756_0.jpg
2112,,https://nongsaro.go.kr/portal/imgView.do?ep=a5gb/CMEYLclIUPoWw9/DZpAzn2z8@sWTCNA5pR4wDV0xSV9Xw7PBd3haldaiUtqVJfVLXCV1eYyTFHg31nAnw!!,1,BS000000044750,BS000000044750_0.jpg
2111,,https://nongsaro.go.kr/portal/imgView.do?ep=a5gb/CMEYLclIUPoWw9/DZpAzn2z8@sWTCNA5pR4wDVlVmA1H/M5UYCKfHNMWISkVJfVLXCV1eYyTFHg31nAnw!!,1,BS000000044744,BS000000044744_0.jpg
2110,,https://nongsaro.go.kr/portal/imgView.do?ep=a5gb/CMEYLclIUPoWw9/DZpAzn2z8@sWTCNA5pR4wDUqCXvs6SUqvvphK6eXDVpNVJfVLXCV1eYyTFHg31nAnw!!,1,BS000000044732,BS000000044732_0.jpg
2109,,https://nongsaro.go.kr/portal/imgView.do?ep=a5gb/CMEYLclIUPoWw9/DZpAzn2z8@sWTCNA5pR4wDU19gxfDQtrQbYiusmxMCwsVJfVLXCV1eYyTFHg31nAnw!!,1,BS000000044726,BS000000044726_0.jpg
2108,,https://nongsaro.go.kr/portal/imgView.do?ep=a5gb/CMEYLclIUPoWw9/DZpAzn2z8@sWTCNA5pR4wDVb/K4qIwjqS572bktwjfSRVJfVLXCV1eYyTFHg31nAnw!!,1,BS000000044720,BS000000044720_0.jpg
2107,,https://nongsaro.go.kr/portal/imgView.do?ep=a5gb/CMEYLclIUPoWw9/DZpAzn2z8@sWTCNA5pR4wDUVAJz37TESYZh9Pf270a2rVJfVLXCV1eYyTFHg31nAnw!!,1,BS000000044714,BS000000044714_0.jpg
2106,,https://nongsaro.go.kr/portal/imgView.do?ep=a5gb/CMEYLclIUPoWw9/DZpAzn2z8@sWTCNA5pR4wDVBxRA8H4aJ3WZE4pb6kVrpVJfVLXCV1eYyTFHg31nAnw!!,1,BS000000044698,BS000000044698_0.jpg
2105,,https://nongsaro.go.kr/portal/imgView.do?ep=a5gb/CMEYLclIUPoWw9/DZpAzn2z8@sWTCNA5pR4wDW76ozjXAlvLn5RwG0HR27fVJfVLXCV1eYyTFHg31nAnw!!,1,BS000000044692,BS000000044692_0.jpg
2103,,https://nongsaro.go.kr/portal/imgView.do?ep=a5gb/CMEYLclIUPoWw9/DZpAzn2z8@sWTCNA5pR4wDVAu9NY9FkXxV58zsN8/i2kVJfVLXCV1eYyTFHg31nAnw!!,1,BS000000044680,BS000000044680_0.jpg
2102,,https://nongsaro.go.kr/portal/imgView.do?ep=a5gb/CMEYLclIUPoWw9/DZpAzn2z8@sWTCNA5pR4wDW9JBkRDBp4pr5CpkoraHfRM4Wr0O2GCVe5xk9xg53YuA!!,1,BS000000044674,BS000000044674_4.jpg
2101,,https://nongsaro.go.kr/portal/imgView.do?ep=a5gb/CMEYLclIUPoWw9/DZpAzn2z8@sWTCNA5pR4wDUov6e4BsdOS2LjNMqmHzSXVJfVLXCV1eYyTFHg31nAnw!!,1,BS000000044668,BS000000044668_0.jpg
2100,,https://nongsaro.go.kr/portal/imgView.do?ep=a5gb/CMEYLclIUPoWw9/DZpAzn2z8@sWTCNA5pR4wDXmbUGDmEdjqH6ekEP3MclvVJfVLXCV1eYyTFHg31nAnw!!,1,BS000000044642,BS000000044642_0.jpg
2099,,https://nongsaro.go.kr/portal/imgView.do?ep=a5gb/CMEYLclIUPoWw9/DZpAzn2z8@sWTCNA5pR4wDXDnpgfaKNizKaFUgWkhnBZVJfVLXCV1eYyTFHg31nAnw!!,1,BS000000044636,BS000000044636_0.jpg
2098,,https://nongsaro.go.kr/portal/imgView.do?ep=a5gb/CMEYLclIUPoWw9/DZpAzn2z8@sWTCNA5pR4wDX24/2mg8Rp92@1MZq7Aji5VJfVLXCV1eYyTFHg31nAnw!!,1,BS000000044630,BS000000044630_0.jpg
2097,,https://nongsaro.go.kr/portal/imgView.do?ep=a5gb/CMEYLclIUPoWw9/DZpAzn2z8@sWTCNA5pR4wDWc/xR9SaQEfobRl8ZmUi3qVJfVLXCV1eYyTFHg31nAnw!!,1,BS000000044623,BS000000044623_0.jpg
2096,,https://nongsaro.go.kr/portal/imgView.do?ep=a5gb/CMEYLclIUPoWw9/DZpAzn2z8@sWTCNA5pR4wDWgaAHNyXDw88hYouDWgOlrVJfVLXCV1eYyTFHg31nAnw!!,1,BS000000044617,BS000000044617_0.jpg
2095,,https://nongsaro.go.kr/portal/imgView.do?ep=a5gb/CMEYLclIUPoWw9/DZpAzn2z8@sWTCNA5pR4wDUj48A8pyeYoFYYWxyL/0DKVJfVLXCV1eYyTFHg31nAnw!!,1,BS000000044603,BS000000044603_0.jpg
2094,,https://nongsaro.go.kr/portal/imgView.do?ep=a5gb/CMEYLclIUPoWw9/DZpAzn2z8@sWTCNA5pR4wDWPn2jR8TVa2zSAdeTxFtbRVJfVLXCV1eYyTFHg31nAnw!!,1,BS000000044597,BS000000044597_0.jpg
2093,,https://nongsaro.go.kr/portal/imgView.do?ep=a5gb/CMEYLclIUPoWw9/DZpAzn2z8@sWTCNA5pR4wDUY1zMvnzq3jYIykv6UaH07VJfVLXCV1eYyTFHg31nAnw!!,1,BS000000044591,BS000000044591_0.jpg
2092,,https://nongsaro.go.kr/portal/imgView.do?ep=a5gb/CMEYLclIUPoWw9/DZpAzn2z8@sWTCNA5pR4wDXsXhaG4cRLxIjITK@VDfEjVJfVLXCV1eYyTFHg31nAnw!!,1,BS000000044585,BS000000044585_0.jpg
2091,,https://nongsaro.go.kr/portal/imgView.do?ep=a5gb/CMEYLclIUPoWw9/DZpAzn2z8@sWTCNA5pR4wDXxb@DAupMXEmHrHZZd5KUFVJfVLXCV1eYyTFHg31nAnw!!,1,BS000000044579,BS000000044579_0.jpg
2090,,https://nongsaro.go.kr/portal/imgView.do?ep=a5gb/CMEYLclIUPoWw9/DZpAzn2z8@sWTCNA5pR4wDXtVvxYqO65fs6sYPeZ4KYxVJfVLXCV1eYyTFHg31nAnw!!,1,BS000000044564,BS000000044564_0.jpg
2089,,https://nongsaro.go.kr/portal/imgView.do?ep=a5gb/CMEYLclIUPoWw9/DZpAzn2z8@sWTCNA5pR4wDX1nmnfA5wdCQauIflulSsuVJfVLXCV1eYyTFHg31nAnw!!,1,BS000000044558,BS000000044558_0.jpg
2088,,https://nongsaro.go.kr/portal/imgView.do?ep=a5gb/CMEYLclIUPoWw9/DZpAzn2z8@sWTCNA5pR4wDWC9gfjCV9/BlILyjNESl@iVJfVLXCV1eYyTFHg31nAnw!!,1,BS000000044552,BS000000044552_0.jpg
2087,,https://nongsaro.go.kr/portal/imgView.do?ep=a5gb/CMEYLclIUPoWw9/DZpAzn2z8@sWTCNA5pR4wDWgKdcRJkW8gNZTW67XZeJkVJfVLXCV1eYyTFHg31nAnw!!,1,BS000000044546,BS000000044546_0.jpg
2086,,https://nongsaro.go.kr/portal/imgView.do?ep=a5gb/CMEYLclIUPoWw9/DZpAzn2z8@sWTCNA5pR4wDXvSTij0EgzEYUKzTLnuZawVJfVLXCV1eYyTFHg31nAnw!!,1,BS000000044534,BS000000044534_0.jpg
2085,,https://nongsaro.go.kr/portal/imgView.do?ep=a5gb/CMEYLclIUPoWw9/DZpAzn2z8@sWTCNA5pR4wDUcOslKGwxQC@lRCO7sxfY8VJfVLXCV1eYyTFHg31nAnw!!,1,BS000000044528,BS000000044528_0.jpg
2084,,https://nongsaro.go.kr/portal/imgView.do?ep=a5gb/CMEYLclIUPoWw9/DZpAzn2z8@sWTCNA5pR4wDUkhmU00SoOwXa0JxcPsg8HVJfVLXCV1eYyTFHg31nAnw!!,1,BS000000044522,BS000000044522_0.jpg
2083,,https://nongsaro.go.kr/portal/imgView.do?ep=a5gb/CMEYLclIUPoWw9/DZpAzn2z8@sWTCNA5pR4wDVwwhMM9Xz7ipgM/JvW8ol1VJfVLXCV1eYyTFHg31nAnw!!,1,BS000000044516,BS000000044516_0.jpg
2082,,https://nongsaro.go.kr/portal/imgView.do?ep=a5gb/CMEYLclIUPoWw9/DZpAzn2z8@sWTCNA5pR4wDW7fTcJrseBV337zVIZ9M/OVJfVLXCV1eYyTFHg31nAnw!!,1,BS000000044510,BS000000044510_0.jpg
2080,,https://nongsaro.go.kr/portal/imgView.do?ep=a5gb/CMEYLclIUPoWw9/DZpAzn2z8@sWTCNA5pR4wDXsgNr/8Y82iQILV7E@D0oSr/BD1mimyxS24DCPRsGqxQ!!,1,BS000000044486,BS000000044486_1.jpg
2079,,https://nongsaro.go.kr/portal/imgView.do?ep=a5gb/CMEYLclIUPoWw9/DZpAzn2z8@sWTCNA5pR4wDVUsf/UiLjbiMe5rfxCVpaBVJfVLXCV1eYyTFHg31nAnw!!,1,BS000000044480,BS000000044480_0.jpg
2078,,https://nongsaro.go.kr/portal/imgView.do?ep=a5gb/CMEYLclIUPoWw9/DZpAzn2z8@sWTCNA5pR4wDWvikx6su@6S4H3YkcjucoJVJfVLXCV1eYyTFHg31nAnw!!,1,BS000000044474,BS000000044474_0.jpg
2081,,https://nongsaro.go.kr/portal/imgView.do?ep=a5gb/CMEYLclIUPoWw9/DZpAzn2z8@sWTCNA5pR4wDXIY9Wj57QNH8E677W1ScjJVJfVLXCV1eYyTFHg31nAnw!!,1,BS000000044494,BS000000044494_0.jpg
2075,,https://nongsaro.go.kr/portal/imgView.do?ep=a5gb/CMEYLclIUPoWw9/DZpAzn2z8@sWTCNA5pR4wDXZwpiuxR@0GhLWfreSLxPqVJfVLXCV1eYyTFHg31nAnw!!,1,BS000000044153,BS000000044153_0.jpg
2074,,https://nongsaro.go.kr/portal/imgView.do?ep=a5gb/CMEYLclIUPoWw9/DZpAzn2z8@sWTCNA5pR4wDXBv90jsDwMq6upuWCjCszFVJfVLXCV1eYyTFHg31nAnw!!,1,BS000000044147,BS000000044147_0.jpg
2073,,https://nongsaro.go.kr/portal/imgView.do?ep=a5gb/CMEYLclIUPoWw9/DZpAzn2z8@sWTCNA5pR4wDWKFpWKznDOCjXQvlHqwWraVJfVLXCV1eYyTFHg31nAnw!!,1,BS000000044141,BS000000044141_0.jpg
2077,,https://nongsaro.go.kr/portal/imgView.do?ep=a5gb/CMEYLclIUPoWw9/DZpAzn2z8@sWTCNA5pR4wDXpuiIOqOqb7thNXG2Ep1wwVJfVLXCV1eYyTFHg31nAnw!!,1,BS000000044400,BS000000044400_0.jpg
2076,,https://nongsaro.go.kr/portal/imgView.do?ep=a5gb/CMEYLclIUPoWw9/DZpAzn2z8@sWTCNA5pR4wDUUF8bBaPha5X4tHuQVl1W3VJfVLXCV1eYyTFHg31nAnw!!,1,BS000000044392,BS000000044392_0.jpg
2071,,https://nongsaro.go.kr/portal/imgView.do?ep=a5gb/CMEYLclIUPoWw9/DZpAzn2z8@sWTCNA5pR4wDU8IzDKWZAfmwkqK4i4eVn8VJfVLXCV1eYyTFHg31nAnw!!,1,BS000000043890,BS000000043890_0.jpg
2070,,https://nongsaro.go.kr/portal/imgView.do?ep=a5gb/CMEYLclIUPoWw9/DZpAzn2z8@sWTCNA5pR4wDW7ldYHv9n1ak@vSt4t4xToVJfVLXCV1eYyTFHg31nAnw!!,1,BS000000043884,BS000000043884_0.jpg
2069,,https://nongsaro.go.kr/portal/imgView.do?ep=a5gb/CMEYLclIUPoWw9/DZpAzn2z8@sWTCNA5pR4wDUAsUfSf6Sto130PO9m9zKcVJfVLXCV1eYyTFHg31nAnw!!,1,BS000000043878,BS000000043878_0.jpg
2068,,https://nongsaro.go.kr/portal/imgView.do?ep=a5gb/CMEYLclIUPoWw9/DZpAzn2z8@sWTCNA5pR4wDUDspoQTiDg3p3f7x8ScZsYVJfVLXCV1eYyTFHg31nAnw!!,1,BS000000043872,BS000000043872_0.jpg
2072,,https://nongsaro.go.kr/portal/imgView.do?ep=a5gb/CMEYLclIUPoWw9/DZpAzn2z8@sWTCNA5pR4wDXeXD2BxxvnVliMoeSG4OdcVJfVLXCV1eYyTFHg31nAnw!!,1,BS000000043940,BS000000043940_0.jpg
2067,,https://nongsaro.go.kr/portal/imgView.do?ep=a5gb/CMEYLclIUPoWw9/DZpAzn2z8@sWTCNA5pR4wDVG6JIhjSF5zvirVRRpnvWZVJfVLXCV1eYyTFHg31nAnw!!,1,BS000000043861,BS000000043861_0.jpg
2066,,https://nongsaro.go.kr/portal/imgView.do?ep=a5gb/CMEYLclIUPoWw9/DZpAzn2z8@sWTCNA5pR4wDUnRG6t53IFk7gXz0/F3afCVJfVLXCV1eYyTFHg31nAnw!!,1,BS000000043855,BS000000043855_0.jpg
2065,,https://nongsaro.go.kr/portal/imgView.do?ep=a5gb/CMEYLclIUPoWw9/DZpAzn2z8@sWTCNA5pR4wDVXCZlObLVRKgOsZ1MESNp2VJfVLXCV1eYyTFHg31nAnw!!,1,BS000000043849,BS000000043849_0.jpg
2064,,https://nongsaro.go.kr/portal/imgView.do?ep=a5gb/CMEYLclIUPoWw9/DZpAzn2z8@sWTCNA5pR4wDU14zKTuJMStLAIRGB66mntVJfVLXCV1eYyTFHg31nAnw!!,1,BS000000043841,BS000000043841_0.jpg
2063,,https://nongsaro.go.kr/portal/imgView.do?ep=a5gb/CMEYLclIUPoWw9/DZpAzn2z8@sWTCNA5pR4wDXVpAvbPw00UMi@l5OA4Y33VJfVLXCV1eYyTFHg31nAnw!!,1,BS000000043835,BS000000043835_0.jpg
2062,,https://nongsaro.go.kr/portal/imgView.do?ep=a5gb/CMEYLclIUPoWw9/DZpAzn2z8@sWTCNA5pR4wDWaSTQmaAcmFJYMv7PNxzlNVJfVLXCV1eYyTFHg31nAnw!!,1,BS000000043829,BS000000043829_0.jpg
2061,,https://nongsaro.go.kr/portal/imgView.do?ep=a5gb/CMEYLclIUPoWw9/DZpAzn2z8@sWTCNA5pR4wDWRy5BkBO@f7vv/Ccm@EB5qVJfVLXCV1eYyTFHg31nAnw!!,1,BS000000043815,BS000000043815_0.jpg
2060,,https://nongsaro.go.kr/portal/imgView.do?ep=a5gb/CMEYLclIUPoWw9/DZpAzn2z8@sWTCNA5pR4wDV/Un2EoMhN8cYE1sk28sZWVJfVLXCV1eYyTFHg31nAnw!!,1,BS000000043809,BS000000043809_0.jpg
2059,,https://nongsaro.go.kr/portal/imgView.do?ep=a5gb/CMEYLclIUPoWw9/DZpAzn2z8@sWTCNA5pR4wDV23lhMj9gWOAdJRca2dWjrVJfVLXCV1eYyTFHg31nAnw!!,1,BS000000043803,BS000000043803_0.jpg
2058,,https://nongsaro.go.kr/portal/imgView.do?ep=a5gb/CMEYLclIUPoWw9/DZpAzn2z8@sWTCNA5pR4wDVQKdAdxQhWO84XVuD19g25r/BD1mimyxS24DCPRsGqxQ!!,1,BS000000043790,BS000000043790_1.jpg
2057,,https://nongsaro.go.kr/portal/imgView.do?ep=a5gb/CMEYLclIUPoWw9/DZpAzn2z8@sWTCNA5pR4wDUsQxsCog98164fF4GEicL4VJfVLXCV1eYyTFHg31nAnw!!,1,BS000000043784,BS000000043784_0.jpg
2056,,https://nongsaro.go.kr/portal/imgView.do?ep=a5gb/CMEYLclIUPoWw9/DZpAzn2z8@sWTCNA5pR4wDVi4JpDNT@4VlWkwzPXz619r/BD1mimyxS24DCPRsGqxQ!!,1,BS000000043778,BS000000043778_1.jpg
2055,,https://nongsaro.go.kr/portal/imgView.do?ep=a5gb/CMEYLclIUPoWw9/DZpAzn2z8@sWTCNA5pR4wDX4csV8wwsYgOyoqsb5Vv2cr/BD1mimyxS24DCPRsGqxQ!!,1,BS000000043757,BS000000043757_1.jpg
2054,,https://nongsaro.go.kr/portal/imgView.do?ep=a5gb/CMEYLclIUPoWw9/DZpAzn2z8@sWTCNA5pR4wDWHtF5r@rOEFAeYls2ElRiNVJfVLXCV1eYyTFHg31nAnw!!,1,BS000000043751,BS000000043751_0.jpg
2053,,https://nongsaro.go.kr/portal/imgView.do?ep=a5gb/CMEYLclIUPoWw9/DZpAzn2z8@sWTCNA5pR4wDXwkUyec@rXVy@CjM3V@ngAVJfVLXCV1eYyTFHg31nAnw!!,1,BS000000043745,BS000000043745_0.jpg
2052,,https://nongsaro.go.kr/portal/imgView.do?ep=a5gb/CMEYLclIUPoWw9/DZpAzn2z8@sWTCNA5pR4wDUe7jFNddjxR5esLmz7t4VdVJfVLXCV1eYyTFHg31nAnw!!,1,BS000000043730,BS000000043730_0.jpg
2051,,https://nongsaro.go.kr/portal/imgView.do?ep=a5gb/CMEYLclIUPoWw9/DZpAzn2z8@sWTCNA5pR4wDVHx77Wsx3XdYGy3OGRCEQ2VJfVLXCV1eYyTFHg31nAnw!!,1,BS000000043724,BS000000043724_0.jpg
2050,,https://nongsaro.go.kr/portal/imgView.do?ep=a5gb/CMEYLclIUPoWw9/DZpAzn2z8@sWTCNA5pR4wDVePm8M9JZ4ilybxO5SsTtEVJfVLXCV1eYyTFHg31nAnw!!,1,BS000000043718,BS000000043718_0.jpg
2049,,https://nongsaro.go.kr/portal/imgView.do?ep=a5gb/CMEYLclIUPoWw9/DZpAzn2z8@sWTCNA5pR4wDV@FDK6T7K0JSyt3sdltRWmVJfVLXCV1eYyTFHg31nAnw!!,1,BS000000043711,BS000000043711_0.jpg
2047,,https://nongsaro.go.kr/portal/imgView.do?ep=a5gb/CMEYLclIUPoWw9/DZpAzn2z8@sWTCNA5pR4wDXYniupwlAhs1bIg5lvxbyrVJfVLXCV1eYyTFHg31nAnw!!,1,BS000000043699,BS000000043699_0.jpg
2048,,https://nongsaro.go.kr/portal/imgView.do?ep=a5gb/CMEYLclIUPoWw9/DZpAzn2z8@sWTCNA5pR4wDXACrw@rYziK7dta1I3bDX0VJfVLXCV1eYyTFHg31nAnw!!,1,BS000000043705,BS000000043705_0.jpg
2046,,https://nongsaro.go.kr/portal/imgView.do?ep=a5gb/CMEYLclIUPoWw9/DZpAzn2z8@sWTCNA5pR4wDU7xt8Rv638vTqBT@bBA2ChVJfVLXCV1eYyTFHg31nAnw!!,1,BS000000043690,BS000000043690_0.jpg
2045,,https://nongsaro.go.kr/portal/imgView.do?ep=a5gb/CMEYLclIUPoWw9/DZpAzn2z8@sWTCNA5pR4wDW681pzORexJokGHO9ZCZvyVJfVLXCV1eYyTFHg31nAnw!!,1,BS000000043684,BS000000043684_0.jpg
2044,,https://nongsaro.go.kr/portal/imgView.do?ep=a5gb/CMEYLclIUPoWw9/DZpAzn2z8@sWTCNA5pR4wDWHAYRS/2FKxjw8z@/hK@zMVJfVLXCV1eYyTFHg31nAnw!!,1,BS000000043664,BS000000043664_0.jpg
2043,,https://nongsaro.go.kr/portal/imgView.do?ep=a5gb/CMEYLclIUPoWw9/DZpAzn2z8@sWTCNA5pR4wDW4t6fr3WtTK9t1WTA6xF1yVJfVLXCV1eYyTFHg31nAnw!!,1,BS000000043658,BS000000043658_0.jpg
2042,,https://nongsaro.go.kr/portal/imgView.do?ep=a5gb/CMEYLclIUPoWw9/DZpAzn2z8@sWTCNA5pR4wDXQGSVF@xUZCtOI7gbobPNnVJfVLXCV1eYyTFHg31nAnw!!,1,BS000000043643,BS000000043643_0.jpg
2041,,https://nongsaro.go.kr/portal/imgView.do?ep=a5gb/CMEYLclIUPoWw9/DZpAzn2z8@sWTCNA5pR4wDX4k@RrKKdG6I53kWO0Sj55VJfVLXCV1eYyTFHg31nAnw!!,1,BS000000043637,BS000000043637_0.jpg
2040,,https://nongsaro.go.kr/portal/imgView.do?ep=a5gb/CMEYLclIUPoWw9/DZpAzn2z8@sWTCNA5pR4wDXmvVVc@I4Greqq1@haCfy4r/BD1mimyxS24DCPRsGqxQ!!,1,BS000000043628,BS000000043628_1.jpg
2039,,https://nongsaro.go.kr/portal/imgView.do?ep=a5gb/CMEYLclIUPoWw9/DZpAzn2z8@sWTCNA5pR4wDUwNO@OODl8pAAFv/2Juk32VJfVLXCV1eYyTFHg31nAnw!!,1,BS000000043622,BS000000043622_0.jpg
2036,,https://nongsaro.go.kr/portal/imgView.do?ep=a5gb/CMEYLclIUPoWw9/DZpAzn2z8@sWTCNA5pR4wDWGPDHk5qDpJsFCVtLdYNjSVJfVLXCV1eYyTFHg31nAnw!!,1,BS000000043604,BS000000043604_0.jpg
2038,,https://nongsaro.go.kr/portal/imgView.do?ep=a5gb/CMEYLclIUPoWw9/DZpAzn2z8@sWTCNA5pR4wDX9PQuRElBnTJFNa7bHWKZQVJfVLXCV1eYyTFHg31nAnw!!,1,BS000000043616,BS000000043616_0.jpg
2037,,https://nongsaro.go.kr/portal/imgView.do?ep=a5gb/CMEYLclIUPoWw9/DZpAzn2z8@sWTCNA5pR4wDXVTPE1JudjY73YlCk55pvKVJfVLXCV1eYyTFHg31nAnw!!,1,BS000000043610,BS000000043610_0.jpg
2035,,https://nongsaro.go.kr/portal/imgView.do?ep=a5gb/CMEYLclIUPoWw9/DZpAzn2z8@sWTCNA5pR4wDXx@6WCJVmpDJ1ra0fDsX9lVJfVLXCV1eYyTFHg31nAnw!!,1,BS000000043592,BS000000043592_0.jpg
2034,,https://nongsaro.go.kr/portal/imgView.do?ep=a5gb/CMEYLclIUPoWw9/DZpAzn2z8@sWTCNA5pR4wDW7iB/ERi7AXeRmx2SJjELoVJfVLXCV1eYyTFHg31nAnw!!,1,BS000000043586,BS000000043586_0.jpg
2033,,https://nongsaro.go.kr/portal/imgView.do?ep=a5gb/CMEYLclIUPoWw9/DZpAzn2z8@sWTCNA5pR4wDXfCUidRhuTeyqAtGMqWgEXVJfVLXCV1eYyTFHg31nAnw!!,1,BS000000043576,BS000000043576_0.jpg
2032,,https://nongsaro.go.kr/portal/imgView.do?ep=a5gb/CMEYLclIUPoWw9/DZpAzn2z8@sWTCNA5pR4wDU4u9wqVEW6Uut@E6SScS7SVJfVLXCV1eYyTFHg31nAnw!!,1,BS000000043570,BS000000043570_0.jpg
2031,,https://nongsaro.go.kr/portal/imgView.do?ep=a5gb/CMEYLclIUPoWw9/DZpAzn2z8@sWTCNA5pR4wDWXUn3kjNCw0rjH/aseHMn9r/BD1mimyxS24DCPRsGqxQ!!,1,BS000000043563,BS000000043563_1.jpg
2030,,https://nongsaro.go.kr/portal/imgView.do?ep=a5gb/CMEYLclIUPoWw9/DZpAzn2z8@sWTCNA5pR4wDV8n3AnxdfDpt0Cmlp/JhzHr/BD1mimyxS24DCPRsGqxQ!!,1,BS000000043557,BS000000043557_1.jpg
2029,,https://nongsaro.go.kr/portal/imgView.do?ep=a5gb/CMEYLclIUPoWw9/DZpAzn2z8@sWTCNA5pR4wDWKOjbzKbRBIBvRKHuL@BsVVJfVLXCV1eYyTFHg31nAnw!!,1,BS000000043549,BS000000043549_0.jpg
2028,,https://nongsaro.go.kr/portal/imgView.do?ep=a5gb/CMEYLclIUPoWw9/DZpAzn2z8@sWTCNA5pR4wDXYHm2GX6DiFnr8dZixRfgdVJfVLXCV1eYyTFHg31nAnw!!,1,BS000000043543,BS000000043543_0.jpg
2027,,https://nongsaro.go.kr/portal/imgView.do?ep=a5gb/CMEYLclIUPoWw9/DZpAzn2z8@sWTCNA5pR4wDW4gh2WO4fkEqiGNZUArjtYVJfVLXCV1eYyTFHg31nAnw!!,1,BS000000043537,BS000000043537_0.jpg
2026,,https://nongsaro.go.kr/portal/imgView.do?ep=a5gb/CMEYLclIUPoWw9/DZpAzn2z8@sWTCNA5pR4wDUTsPxqM3JIrvJhwxeTUJJeVJfVLXCV1eYyTFHg31nAnw!!,1,BS000000043516,BS000000043516_0.jpg
2025,,https://nongsaro.go.kr/portal/imgView.do?ep=a5gb/CMEYLclIUPoWw9/DZpAzn2z8@sWTCNA5pR4wDWn98COjZ6OAU8MvJn2I/H/r/BD1mimyxS24DCPRsGqxQ!!,1,BS000000043510,BS000000043510_1.jpg
2022,,https://nongsaro.go.kr/portal/imgView.do?ep=a5gb/CMEYLclIUPoWw9/DZpAzn2z8@sWTCNA5pR4wDUnZJf@/3ka2lFPn4ye0@PMVJfVLXCV1eYyTFHg31nAnw!!,1,BS000000043466,BS000000043466_0.jpg
2024,,https://nongsaro.go.kr/portal/imgView.do?ep=a5gb/CMEYLclIUPoWw9/DZpAzn2z8@sWTCNA5pR4wDU8MKrIvZQt4naW1npfKhmOVJfVLXCV1eYyTFHg31nAnw!!,1,BS000000043483,BS000000043483_0.jpg
2023,,https://nongsaro.go.kr/portal/imgView.do?ep=a5gb/CMEYLclIUPoWw9/DZpAzn2z8@sWTCNA5pR4wDVqS2TZpOAH/@zKJe53RiAEr/BD1mimyxS24DCPRsGqxQ!!,1,BS000000043477,BS000000043477_1.jpg
2020,,https://nongsaro.go.kr/portal/imgView.do?ep=a5gb/CMEYLclIUPoWw9/DZpAzn2z8@sWTCNA5pR4wDWHZe6nCHGNQ1FukhvNwnrRVJfVLXCV1eYyTFHg31nAnw!!,1,BS000000043448,BS000000043448_0.jpg
2021,,https://nongsaro.go.kr/portal/imgView.do?ep=a5gb/CMEYLclIUPoWw9/DZpAzn2z8@sWTCNA5pR4wDVkeKp7IVIxZ3ts9il9Wl5HVJfVLXCV1eYyTFHg31nAnw!!,1,BS000000043454,BS000000043454_0.jpg
2019,,https://nongsaro.go.kr/portal/imgView.do?ep=a5gb/CMEYLclIUPoWw9/DZpAzn2z8@sWTCNA5pR4wDUMJJVQDfANZczA53yS78X4zikZYGMo0Hz8ayNFiXs3DQ!!,1,BS000000042999,BS000000042999_2.jpg
2018,,https://nongsaro.go.kr/portal/imgView.do?ep=a5gb/CMEYLclIUPoWw9/DZpAzn2z8@sWTCNA5pR4wDXN1YjkmT57FO82@BqPZXhKr/BD1mimyxS24DCPRsGqxQ!!,1,BS000000042982,BS000000042982_1.jpg
2016,,https://nongsaro.go.kr/portal/imgView.do?ep=a5gb/CMEYLclIUPoWw9/DZpAzn2z8@sWTCNA5pR4wDWbZNE4oDO1JnwwGcVPrYUZVJfVLXCV1eYyTFHg31nAnw!!,1,BS000000042953,BS000000042953_0.jpg
2017,,https://nongsaro.go.kr/portal/imgView.do?ep=a5gb/CMEYLclIUPoWw9/DZpAzn2z8@sWTCNA5pR4wDVpDUe9OL7LxWDmCKGwhjXwVJfVLXCV1eYyTFHg31nAnw!!,1,BS000000042959,BS000000042959_0.jpg
2015,,https://nongsaro.go.kr/portal/imgView.do?ep=a5gb/CMEYLclIUPoWw9/DZpAzn2z8@sWTCNA5pR4wDXLkwr3lHW4FgStxEdXnGkjVJfVLXCV1eYyTFHg31nAnw!!,1,BS000000042947,BS000000042947_0.jpg
2014,,https://nongsaro.go.kr/portal/imgView.do?ep=a5gb/CMEYLclIUPoWw9/DZpAzn2z8@sWTCNA5pR4wDXYoUKrehdAe5cAssQxPvNOVJfVLXCV1eYyTFHg31nAnw!!,1,BS000000042941,BS000000042941_0.jpg
2012,,https://nongsaro.go.kr/portal/imgView.do?ep=a5gb/CMEYLclIUPoWw9/DZpAzn2z8@sWTCNA5pR4wDWzdYB29q8sahOZsssO@5OMVJfVLXCV1eYyTFHg31nAnw!!,1,BS000000042929,BS000000042929_0.jpg
2011,,https://nongsaro.go.kr/portal/imgView.do?ep=a5gb/CMEYLclIUPoWw9/DZpAzn2z8@sWTCNA5pR4wDX5We/kL4xEpRXuZz09ZqRJzikZYGMo0Hz8ayNFiXs3DQ!!,1,BS000000042923,BS000000042923_2.jpg
2010,,https://nongsaro.go.kr/portal/imgView.do?ep=a5gb/CMEYLclIUPoWw9/DZpAzn2z8@sWTCNA5pR4wDUZ2Vv494lTYkgqXNJGAd2GVJfVLXCV1eYyTFHg31nAnw!!,1,BS000000042818,BS000000042818_0.jpg
2008,,https://nongsaro.go.kr/portal/imgView.do?ep=a5gb/CMEYLclIUPoWw9/DZpAzn2z8@sWTCNA5pR4wDUIag6LDVFsLwj0p7SJOhpsVJfVLXCV1eYyTFHg31nAnw!!,1,BS000000042803,BS000000042803_0.jpg
2009,,https://nongsaro.go.kr/portal/imgView.do?ep=a5gb/CMEYLclIUPoWw9/DZpAzn2z8@sWTCNA5pR4wDW@hy/HWB4a1aUO2hfCV3ezVJfVLXCV1eYyTFHg31nAnw!!,1,BS000000042811,BS000000042811_0.jpg
2007,,https://nongsaro.go.kr/portal/imgView.do?ep=a5gb/CMEYLclIUPoWw9/DZpAzn2z8@sWTCNA5pR4wDWZeQcC/UfVj0naajOMc5TNr/BD1mimyxS24DCPRsGqxQ!!,1,BS000000042797,BS000000042797_1.jpg
2006,,https://nongsaro.go.kr/portal/imgView.do?ep=a5gb/CMEYLclIUPoWw9/DZpAzn2z8@sWTCNA5pR4wDUVRAdzfgzKrQnExxLhDw@nVJfVLXCV1eYyTFHg31nAnw!!,1,BS000000042787,BS000000042787_0.jpg
2005,,https://nongsaro.go.kr/portal/imgView.do?ep=a5gb/CMEYLclIUPoWw9/DZpAzn2z8@sWTCNA5pR4wDWgbOVfe5WPH31YPG1S9nekVJfVLXCV1eYyTFHg31nAnw!!,1,BS000000042724,BS000000042724_0.jpg
2004,,https://nongsaro.go.kr/portal/imgView.do?ep=a5gb/CMEYLclIUPoWw9/DZpAzn2z8@sWTCNA5pR4wDVRNIsk46kM7lawsg1@ESL1VJfVLXCV1eYyTFHg31nAnw!!,1,BS000000042707,BS000000042707_0.jpg
2003,,https://nongsaro.go.kr/portal/imgView.do?ep=a5gb/CMEYLclIUPoWw9/DZpAzn2z8@sWTCNA5pR4wDV5XIl5ORy@FkyiKQvqn0bLVJfVLXCV1eYyTFHg31nAnw!!,1,BS000000042574,BS000000042574_0.jpg
2002,,https://nongsaro.go.kr/portal/imgView.do?ep=a5gb/CMEYLclIUPoWw9/DZpAzn2z8@sWTCNA5pR4wDUW/T5enKWpFywKZeg9vVkxVJfVLXCV1eYyTFHg31nAnw!!,1,BS000000042564,BS000000042564_0.jpg
2001,,https://nongsaro.go.kr/portal/imgView.do?ep=a5gb/CMEYLclIUPoWw9/DZpAzn2z8@sWTCNA5pR4wDWhmqR8jXJDjSfXO6F/G9XvVJfVLXCV1eYyTFHg31nAnw!!,1,BS000000042541,BS000000042541_0.jpg
2000,,https://nongsaro.go.kr/portal/imgView.do?ep=a5gb/CMEYLclIUPoWw9/DZpAzn2z8@sWTCNA5pR4wDW/71lGVm4zC2JjgzjvRHvDVJfVLXCV1eYyTFHg31nAnw!!,1,BS000000042499,BS000000042499_0.jpg
1999,,https://nongsaro.go.kr/portal/imgView.do?ep=a5gb/CMEYLclIUPoWw9/DZpAzn2z8@sWTCNA5pR4wDXXmvD1tcOK6ESuLU3VFEilVJfVLXCV1eYyTFHg31nAnw!!,1,BS000000042463,BS000000042463_0.jpg
1995,,https://nongsaro.go.kr/portal/imgView.do?ep=a5gb/CMEYLclIUPoWw9/DZpAzn2z8@sWTCNA5pR4wDXpl02jax7Id6N7krvCxXHxzikZYGMo0Hz8ayNFiXs3DQ!!,1,BS000000042367,BS000000042367_2.jpg
1998,,https://nongsaro.go.kr/portal/imgView.do?ep=a5gb/CMEYLclIUPoWw9/DZpAzn2z8@sWTCNA5pR4wDUu5npcGzsWgYHUu60ul@/AVJfVLXCV1eYyTFHg31nAnw!!,1,BS000000042406,BS000000042406_0.jpg
1997,,https://nongsaro.go.kr/portal/imgView.do?ep=a5gb/CMEYLclIUPoWw9/DZpAzn2z8@sWTCNA5pR4wDXcb54rLO3pJQZ7zCwrZ9juVJfVLXCV1eYyTFHg31nAnw!!,1,BS000000042393,BS000000042393_0.jpg
1996,,https://nongsaro.go.kr/portal/imgView.do?ep=a5gb/CMEYLclIUPoWw9/DZpAzn2z8@sWTCNA5pR4wDVczGQ9tRt9I/biUnxdatYAVJfVLXCV1eYyTFHg31nAnw!!,1,BS000000042377,BS000000042377_0.jpg
1994,,https://nongsaro.go.kr/portal/imgView.do?ep=a5gb/CMEYLclIUPoWw9/DZpAzn2z8@sWTCNA5pR4wDU5aYahNI8J5wYQO7jL4V@FVJfVLXCV1eYyTFHg31nAnw!!,1,BS000000042352,BS000000042352_0.jpg
1993,,https://nongsaro.go.kr/portal/imgView.do?ep=a5gb/CMEYLclIUPoWw9/DZpAzn2z8@sWTCNA5pR4wDVuS39J1NbDRawBcP5z/WuaVJfVLXCV1eYyTFHg31nAnw!!,1,BS000000042313,BS000000042313_0.jpg
1992,,https://nongsaro.go.kr/portal/imgView.do?ep=a5gb/CMEYLclIUPoWw9/DZpAzn2z8@sWTCNA5pR4wDX52BjCYy2w/sRcSHiLTOt2r/BD1mimyxS24DCPRsGqxQ!!,1,BS000000042299,BS000000042299_1.jpg
1991,,https://nongsaro.go.kr/portal/imgView.do?ep=a5gb/CMEYLclIUPoWw9/DZpAzn2z8@sWTCNA5pR4wDVPwMQFDhuJBT9ihm3Gy8FZVJfVLXCV1eYyTFHg31nAnw!!,1,BS000000042293,BS000000042293_0.jpg
1990,,https://nongsaro.go.kr/portal/imgView.do?ep=a5gb/CMEYLclIUPoWw9/DZpAzn2z8@sWTCNA5pR4wDUJ3WGMcEsQoQypIICtc9nmVJfVLXCV1eYyTFHg31nAnw!!,1,BS000000042229,BS000000042229_0.jpg
1989,,https://nongsaro.go.kr/portal/imgView.do?ep=a5gb/CMEYLclIUPoWw9/DZpAzn2z8@sWTCNA5pR4wDVI6gi@fRMuMbNhzEQPnWUozikZYGMo0Hz8ayNFiXs3DQ!!,1,BS000000042131,BS000000042131_2.jpg
1988,,https://nongsaro.go.kr/portal/imgView.do?ep=a5gb/CMEYLclIUPoWw9/DZpAzn2z8@sWTCNA5pR4wDXQalmF7/xC8aT2G/GhZxNGVJfVLXCV1eYyTFHg31nAnw!!,1,BS000000042104,BS000000042104_0.jpg
1987,,https://nongsaro.go.kr/portal/imgView.do?ep=a5gb/CMEYLclIUPoWw9/DZpAzn2z8@sWTCNA5pR4wDVKblYEpA@EsbG@oiZm5iy6VJfVLXCV1eYyTFHg31nAnw!!,1,BS000000042098,BS000000042098_0.jpg
1986,,https://nongsaro.go.kr/portal/imgView.do?ep=a5gb/CMEYLclIUPoWw9/DZpAzn2z8@sWTCNA5pR4wDUugyxrO3VRSfgblQeFyst9VJfVLXCV1eYyTFHg31nAnw!!,1,BS000000042062,BS000000042062_0.jpg
1985,,https://nongsaro.go.kr/portal/imgView.do?ep=a5gb/CMEYLclIUPoWw9/DZpAzn2z8@sWTCNA5pR4wDXKKAoCsDtA1GH47WUNZxfNVJfVLXCV1eYyTFHg31nAnw!!,1,BS000000042043,BS000000042043_0.jpg
1984,,https://nongsaro.go.kr/portal/imgView.do?ep=a5gb/CMEYLclIUPoWw9/DZpAzn2z8@sWTCNA5pR4wDVsTmDMEE9T3UeYoO3SB67DVJfVLXCV1eYyTFHg31nAnw!!,1,BS000000042024,BS000000042024_0.jpg
1983,,https://nongsaro.go.kr/portal/imgView.do?ep=a5gb/CMEYLclIUPoWw9/DZpAzn2z8@sWTCNA5pR4wDWzPtIlX@107dvZHlOKtlKQVJfVLXCV1eYyTFHg31nAnw!!,1,BS000000042018,BS000000042018_0.jpg
1982,,https://nongsaro.go.kr/portal/imgView.do?ep=a5gb/CMEYLclIUPoWw9/DZpAzn2z8@sWTCNA5pR4wDV0sp94NqyQCD23UIOjDORmVJfVLXCV1eYyTFHg31nAnw!!,1,BS000000041992,BS000000041992_0.jpg
1981,,https://nongsaro.go.kr/portal/imgView.do?ep=a5gb/CMEYLclIUPoWw9/DZpAzn2z8@sWTCNA5pR4wDWTwtWCOE60gXva@eNMfiDOVJfVLXCV1eYyTFHg31nAnw!!,1,BS000000041956,BS000000041956_0.jpg
1980,,https://nongsaro.go.kr/portal/imgView.do?ep=a5gb/CMEYLclIUPoWw9/DZpAzn2z8@sWTCNA5pR4wDUcGUoOvEALH/KqvSfRHV@gVJfVLXCV1eYyTFHg31nAnw!!,1,BS000000041934,BS000000041934_0.jpg
1979,,https://nongsaro.go.kr/portal/imgView.do?ep=a5gb/CMEYLclIUPoWw9/DZpAzn2z8@sWTCNA5pR4wDUtwCOnZlZBpQEoGzL6PcShVJfVLXCV1eYyTFHg31nAnw!!,1,BS000000041832,BS000000041832_0.jpg
1978,,https://nongsaro.go.kr/portal/imgView.do?ep=a5gb/CMEYLclIUPoWw9/DZpAzn2z8@sWTCNA5pR4wDV3XVlwz@AStn/P29fqJywZVJfVLXCV1eYyTFHg31nAnw!!,1,BS000000041814,BS000000041814_0.jpg
1977,,https://nongsaro.go.kr/portal/imgView.do?ep=a5gb/CMEYLclIUPoWw9/DZpAzn2z8@sWTCNA5pR4wDXPiBELHj6uGPkHUX/CL8dur/BD1mimyxS24DCPRsGqxQ!!,1,BS000000041732,BS000000041732_1.jpg
1976,,https://nongsaro.go.kr/portal/imgView.do?ep=a5gb/CMEYLclIUPoWw9/DZpAzn2z8@sWTCNA5pR4wDUhTjN5Yfs8mjWXNM3gspyDr/BD1mimyxS24DCPRsGqxQ!!,1,BS000000041726,BS000000041726_1.jpg
1975,,https://nongsaro.go.kr/portal/imgView.do?ep=a5gb/CMEYLclIUPoWw9/DZpAzn2z8@sWTCNA5pR4wDXbTXGtwYNMW@zjflRxWVfDVJfVLXCV1eYyTFHg31nAnw!!,1,BS000000040721,BS000000040721_0.jpg
1974,,https://nongsaro.go.kr/portal/imgView.do?ep=a5gb/CMEYLclIUPoWw9/DZpAzn2z8@sWTCNA5pR4wDWTdQDcQXwZKAGCw4Ukp3@0VJfVLXCV1eYyTFHg31nAnw!!,1,BS000000040632,BS000000040632_0.jpg
1973,,https://nongsaro.go.kr/portal/imgView.do?ep=a5gb/CMEYLclIUPoWw9/DZpAzn2z8@sWTCNA5pR4wDW/E4N7NRjNj6uT@0E7ibgMVJfVLXCV1eYyTFHg31nAnw!!,1,BS000000040626,BS000000040626_0.jpg
1971,,https://nongsaro.go.kr/portal/imgView.do?ep=a5gb/CMEYLclIUPoWw9/DZpAzn2z8@sWTCNA5pR4wDXwQknQqLqWL7ajrzD8I07LVJfVLXCV1eYyTFHg31nAnw!!,1,BS000000040610,BS000000040610_0.jpg
1972,,https://nongsaro.go.kr/portal/imgView.do?ep=a5gb/CMEYLclIUPoWw9/DZpAzn2z8@sWTCNA5pR4wDUm/LJtdN/mZtKAmDQOGXIGVJfVLXCV1eYyTFHg31nAnw!!,1,BS000000040616,BS000000040616_0.jpg
1970,,https://nongsaro.go.kr/portal/imgView.do?ep=a5gb/CMEYLclIUPoWw9/DZpAzn2z8@sWTCNA5pR4wDWUwq4e1aKYtl1qS3RGp6@vVJfVLXCV1eYyTFHg31nAnw!!,1,BS000000040602,BS000000040602_0.jpg
1969,,https://nongsaro.go.kr/portal/imgView.do?ep=a5gb/CMEYLclIUPoWw9/DZpAzn2z8@sWTCNA5pR4wDXI97g1zTHTRV/K9yRT9JipVJfVLXCV1eYyTFHg31nAnw!!,1,BS000000040596,BS000000040596_0.jpg
1967,,https://nongsaro.go.kr/portal/imgView.do?ep=a5gb/CMEYLclIUPoWw9/DZpAzn2z8@sWTCNA5pR4wDUWkmU6nhPE8QnaNbsoczqKVJfVLXCV1eYyTFHg31nAnw!!,1,BS000000040579,BS000000040579_0.jpg
1968,,https://nongsaro.go.kr/portal/imgView.do?ep=a5gb/CMEYLclIUPoWw9/DZpAzn2z8@sWTCNA5pR4wDUBlfuaSmtI@fLyQFtTMB@hVJfVLXCV1eYyTFHg31nAnw!!,1,BS000000040585,BS000000040585_0.jpg
1966,,https://nongsaro.go.kr/portal/imgView.do?ep=a5gb/CMEYLclIUPoWw9/DZpAzn2z8@sWTCNA5pR4wDVuTl0j8UflIeu9EitdTzGaVJfVLXCV1eYyTFHg31nAnw!!,1,BS000000040549,BS000000040549_0.jpg
1965,,https://nongsaro.go.kr/portal/imgView.do?ep=a5gb/CMEYLclIUPoWw9/DZpAzn2z8@sWTCNA5pR4wDWjky9IC4jWjBknvPijUy@@VJfVLXCV1eYyTFHg31nAnw!!,1,BS000000040543,BS000000040543_0.jpg
1964,,https://nongsaro.go.kr/portal/imgView.do?ep=a5gb/CMEYLclIUPoWw9/DZpAzn2z8@sWTCNA5pR4wDUpMhOr6@eNPDYiZvLfWzTpVJfVLXCV1eYyTFHg31nAnw!!,1,BS000000040533,BS000000040533_0.jpg
1963,,https://nongsaro.go.kr/portal/imgView.do?ep=a5gb/CMEYLclIUPoWw9/DZpAzn2z8@sWTCNA5pR4wDWUdmSHFuPK0@2WP1l1WyAqVJfVLXCV1eYyTFHg31nAnw!!,1,BS000000040527,BS000000040527_0.jpg
1961,,https://nongsaro.go.kr/portal/imgView.do?ep=a5gb/CMEYLclIUPoWw9/DZpAzn2z8@sWTCNA5pR4wDWqB9BtSndvb/p4tAqbBoGZVJfVLXCV1eYyTFHg31nAnw!!,1,BS000000040515,BS000000040515_0.jpg
1962,,https://nongsaro.go.kr/portal/imgView.do?ep=a5gb/CMEYLclIUPoWw9/DZpAzn2z8@sWTCNA5pR4wDUCIHVxlEaR4AhwZUvoAv/GVJfVLXCV1eYyTFHg31nAnw!!,1,BS000000040521,BS000000040521_0.jpg
1959,,https://nongsaro.go.kr/portal/imgView.do?ep=a5gb/CMEYLclIUPoWw9/DZpAzn2z8@sWTCNA5pR4wDWTPTJ0W5qjj@rjx/TWTP6PVJfVLXCV1eYyTFHg31nAnw!!,1,BS000000040503,BS000000040503_0.jpg
1960,,https://nongsaro.go.kr/portal/imgView.do?ep=a5gb/CMEYLclIUPoWw9/DZpAzn2z8@sWTCNA5pR4wDXLdK/5WGCWyJpgWNzCOquzVJfVLXCV1eYyTFHg31nAnw!!,1,BS000000040509,BS000000040509_0.jpg
1956,,https://nongsaro.go.kr/portal/imgView.do?ep=a5gb/CMEYLclIUPoWw9/DZpAzn2z8@sWTCNA5pR4wDXruUrsS5LPQul3flGGCuMVVJfVLXCV1eYyTFHg31nAnw!!,1,BS000000040462,BS000000040462_0.jpg
1955,,https://nongsaro.go.kr/portal/imgView.do?ep=a5gb/CMEYLclIUPoWw9/DZpAzn2z8@sWTCNA5pR4wDWmIp9gZC63b/fGoU/m3CMgVJfVLXCV1eYyTFHg31nAnw!!,1,BS000000040456,BS000000040456_0.jpg
1953,,https://nongsaro.go.kr/portal/imgView.do?ep=a5gb/CMEYLclIUPoWw9/DZpAzn2z8@sWTCNA5pR4wDU78oiY18zWr6Pbz@qg1VTvVJfVLXCV1eYyTFHg31nAnw!!,1,BS000000040440,BS000000040440_0.jpg
1954,,https://nongsaro.go.kr/portal/imgView.do?ep=a5gb/CMEYLclIUPoWw9/DZpAzn2z8@sWTCNA5pR4wDXWbt8cFOXs6LoiRGH02/xzVJfVLXCV1eYyTFHg31nAnw!!,1,BS000000040446,BS000000040446_0.jpg
1952,,https://nongsaro.go.kr/portal/imgView.do?ep=a5gb/CMEYLclIUPoWw9/DZpAzn2z8@sWTCNA5pR4wDXDWHevU6rWcX5GS/nEiWjLVJfVLXCV1eYyTFHg31nAnw!!,1,BS000000040428,BS000000040428_0.jpg
1951,,https://nongsaro.go.kr/portal/imgView.do?ep=a5gb/CMEYLclIUPoWw9/DZpAzn2z8@sWTCNA5pR4wDUzvMmYdlz3gT70erPQXFKWVJfVLXCV1eYyTFHg31nAnw!!,1,BS000000040422,BS000000040422_0.jpg
1950,,https://nongsaro.go.kr/portal/imgView.do?ep=a5gb/CMEYLclIUPoWw9/DZpAzn2z8@sWTCNA5pR4wDVKDr85zzf1xwLpHs@ja95/VJfVLXCV1eYyTFHg31nAnw!!,1,BS000000040378,BS000000040378_0.jpg
1949,,https://nongsaro.go.kr/portal/imgView.do?ep=a5gb/CMEYLclIUPoWw9/DZpAzn2z8@sWTCNA5pR4wDX6gYNhNsdKt9DHD1ZRAereVJfVLXCV1eYyTFHg31nAnw!!,1,BS000000040368,BS000000040368_0.jpg
1948,,https://nongsaro.go.kr/portal/imgView.do?ep=a5gb/CMEYLclIUPoWw9/DZpAzn2z8@sWTCNA5pR4wDUmi/yzh7hCZU8kQ1WcfL3YVJfVLXCV1eYyTFHg31nAnw!!,1,BS000000040362,BS000000040362_0.jpg
1947,,https://nongsaro.go.kr/portal/imgView.do?ep=a5gb/CMEYLclIUPoWw9/DZpAzn2z8@sWTCNA5pR4wDW@UcFI8tqfd3rE8l9CT0lZVJfVLXCV1eYyTFHg31nAnw!!,1,BS000000040339,BS000000040339_0.jpg
1946,,https://nongsaro.go.kr/portal/imgView.do?ep=a5gb/CMEYLclIUPoWw9/DZpAzn2z8@sWTCNA5pR4wDWtQRjmQvix2JtNVGjVgivWVJfVLXCV1eYyTFHg31nAnw!!,1,BS000000040333,BS000000040333_0.jpg
1945,,https://nongsaro.go.kr/portal/imgView.do?ep=a5gb/CMEYLclIUPoWw9/DZpAzn2z8@sWTCNA5pR4wDXSK938rf23t/8TaffeOuKrVJfVLXCV1eYyTFHg31nAnw!!,1,BS000000040326,BS000000040326_0.jpg
1944,,https://nongsaro.go.kr/portal/imgView.do?ep=a5gb/CMEYLclIUPoWw9/DZpAzn2z8@sWTCNA5pR4wDXnasE/JNlaRxm4BA91UhxqVJfVLXCV1eYyTFHg31nAnw!!,1,BS000000040320,BS000000040320_0.jpg
1942,,https://nongsaro.go.kr/portal/imgView.do?ep=a5gb/CMEYLclIUPoWw9/DZpAzn2z8@sWTCNA5pR4wDWo4FKsvevGhOzbxFknQ6jCVJfVLXCV1eYyTFHg31nAnw!!,1,BS000000040308,BS000000040308_0.jpg
1941,,https://nongsaro.go.kr/portal/imgView.do?ep=a5gb/CMEYLclIUPoWw9/DZpAzn2z8@sWTCNA5pR4wDUilRe/JnVvbsUuXN9jVOyJVJfVLXCV1eYyTFHg31nAnw!!,1,BS000000040302,BS000000040302_0.jpg
1939,,https://nongsaro.go.kr/portal/imgView.do?ep=a5gb/CMEYLclIUPoWw9/DZpAzn2z8@sWTCNA5pR4wDUDUrwL72a@crV5ThDDPe7XVJfVLXCV1eYyTFHg31nAnw!!,1,BS000000040249,BS000000040249_0.jpg
1940,,https://nongsaro.go.kr/portal/imgView.do?ep=a5gb/CMEYLclIUPoWw9/DZpAzn2z8@sWTCNA5pR4wDWvfKIQAsxgJquKoeHMW52vVJfVLXCV1eYyTFHg31nAnw!!,1,BS000000040255,BS000000040255_0.jpg
1938,,https://nongsaro.go.kr/portal/imgView.do?ep=a5gb/CMEYLclIUPoWw9/DZpAzn2z8@sWTCNA5pR4wDU7/ZiD/9XOFMy4Vi4AcHNAVJfVLXCV1eYyTFHg31nAnw!!,1,BS000000040240,BS000000040240_0.jpg
1937,,https://nongsaro.go.kr/portal/imgView.do?ep=a5gb/CMEYLclIUPoWw9/DZpAzn2z8@sWTCNA5pR4wDX47PfTJGKpnCQ7wzUDs2ljVJfVLXCV1eYyTFHg31nAnw!!,1,BS000000040234,BS000000040234_0.jpg
1936,,https://nongsaro.go.kr/portal/imgView.do?ep=a5gb/CMEYLclIUPoWw9/DZpAzn2z8@sWTCNA5pR4wDV1qWQHGLrrNh9gk93Pr12DVJfVLXCV1eYyTFHg31nAnw!!,1,BS000000040212,BS000000040212_0.jpg
1935,,https://nongsaro.go.kr/portal/imgView.do?ep=a5gb/CMEYLclIUPoWw9/DZpAzn2z8@sWTCNA5pR4wDWG258h0@A5NQtRo@IVHbI3VJfVLXCV1eYyTFHg31nAnw!!,1,BS000000040206,BS000000040206_0.jpg
1934,,https://nongsaro.go.kr/portal/imgView.do?ep=a5gb/CMEYLclIUPoWw9/DZpAzn2z8@sWTCNA5pR4wDXl437zoC@2@Z1jQHdjTF5vVJfVLXCV1eYyTFHg31nAnw!!,1,BS000000040195,BS000000040195_0.jpg
1933,,https://nongsaro.go.kr/portal/imgView.do?ep=a5gb/CMEYLclIUPoWw9/DZpAzn2z8@sWTCNA5pR4wDXWpg85ieCTERAfw/pdGNxfVJfVLXCV1eYyTFHg31nAnw!!,1,BS000000040189,BS000000040189_0.jpg
1932,,https://nongsaro.go.kr/portal/imgView.do?ep=a5gb/CMEYLclIUPoWw9/DZpAzn2z8@sWTCNA5pR4wDVu@rCz7QVBEjt@QjR//35YVJfVLXCV1eYyTFHg31nAnw!!,1,BS000000040183,BS000000040183_0.jpg
1931,,https://nongsaro.go.kr/portal/imgView.do?ep=a5gb/CMEYLclIUPoWw9/DZpAzn2z8@sWTCNA5pR4wDXv94YvmZSyMirFFEUBATnyVJfVLXCV1eYyTFHg31nAnw!!,1,BS000000040106,BS000000040106_0.jpg
1930,,https://nongsaro.go.kr/portal/imgView.do?ep=a5gb/CMEYLclIUPoWw9/DZpAzn2z8@sWTCNA5pR4wDWVc/kgHw28vmlQJVOgtfG3VJfVLXCV1eYyTFHg31nAnw!!,1,BS000000040100,BS000000040100_0.jpg
1929,,https://nongsaro.go.kr/portal/imgView.do?ep=a5gb/CMEYLclIUPoWw9/DZpAzn2z8@sWTCNA5pR4wDXfHYw4abi63kGYDC7iQjudVJfVLXCV1eYyTFHg31nAnw!!,1,BS000000040091,BS000000040091_0.jpg
1928,,https://nongsaro.go.kr/portal/imgView.do?ep=a5gb/CMEYLclIUPoWw9/DZpAzn2z8@sWTCNA5pR4wDXfxop7wInI9RSmWJrK376QVJfVLXCV1eYyTFHg31nAnw!!,1,BS000000040084,BS000000040084_0.jpg
1927,,https://nongsaro.go.kr/portal/imgView.do?ep=a5gb/CMEYLclIUPoWw9/DZpAzn2z8@sWTCNA5pR4wDXv9kL8zrjEfh7A58CkKv9rVJfVLXCV1eYyTFHg31nAnw!!,1,BS000000040078,BS000000040078_0.jpg
1926,,https://nongsaro.go.kr/portal/imgView.do?ep=a5gb/CMEYLclIUPoWw9/DZpAzn2z8@sWTCNA5pR4wDWCDXcKVAj/eYKLqRqnAbFOVJfVLXCV1eYyTFHg31nAnw!!,1,BS000000040034,BS000000040034_0.jpg
1925,,https://nongsaro.go.kr/portal/imgView.do?ep=a5gb/CMEYLclIUPoWw9/DZpAzn2z8@sWTCNA5pR4wDUHzC754u5Ul9httKtCx/VSVJfVLXCV1eYyTFHg31nAnw!!,1,BS000000039889,BS000000039889_0.jpg
1924,,https://nongsaro.go.kr/portal/imgView.do?ep=a5gb/CMEYLclIUPoWw9/DZpAzn2z8@sWTCNA5pR4wDWkIZO9YB8Qe5/FDGsAiqXDVJfVLXCV1eYyTFHg31nAnw!!,1,BS000000039883,BS000000039883_0.jpg
1923,,https://nongsaro.go.kr/portal/imgView.do?ep=a5gb/CMEYLclIUPoWw9/DZpAzn2z8@sWTCNA5pR4wDWdET86NIE@3gTzDM02aVO5VJfVLXCV1eYyTFHg31nAnw!!,1,BS000000039854,BS000000039854_0.jpg
1922,,https://nongsaro.go.kr/portal/imgView.do?ep=a5gb/CMEYLclIUPoWw9/DZpAzn2z8@sWTCNA5pR4wDWsOhxN8esQQdA5hoBNgjIuVJfVLXCV1eYyTFHg31nAnw!!,1,BS000000039848,BS000000039848_0.jpg
1921,,https://nongsaro.go.kr/portal/imgView.do?ep=a5gb/CMEYLclIUPoWw9/DZpAzn2z8@sWTCNA5pR4wDX13T57f@wgog1n0n2fvfHeVJfVLXCV1eYyTFHg31nAnw!!,1,BS000000039759,BS000000039759_0.jpg
1920,,https://nongsaro.go.kr/portal/imgView.do?ep=a5gb/CMEYLclIUPoWw9/DZpAzn2z8@sWTCNA5pR4wDUZ05o/Eq1jF2bduB5FRT0SVJfVLXCV1eYyTFHg31nAnw!!,1,BS000000039753,BS000000039753_0.jpg
1919,,https://nongsaro.go.kr/portal/imgView.do?ep=a5gb/CMEYLclIUPoWw9/DZpAzn2z8@sWTCNA5pR4wDWBmtA5oGjIeY89KStqYEACVJfVLXCV1eYyTFHg31nAnw!!,1,BS000000039728,BS000000039728_0.jpg
1918,,https://nongsaro.go.kr/portal/imgView.do?ep=a5gb/CMEYLclIUPoWw9/DZpAzn2z8@sWTCNA5pR4wDUAZNvTm7T1Mv0sS01iuEYpVJfVLXCV1eYyTFHg31nAnw!!,1,BS000000039722,BS000000039722_0.jpg
1917,,https://nongsaro.go.kr/portal/imgView.do?ep=a5gb/CMEYLclIUPoWw9/DZpAzn2z8@sWTCNA5pR4wDV0X/9aK1ct0OvOHPaknIJEVJfVLXCV1eYyTFHg31nAnw!!,1,BS000000039704,BS000000039704_0.jpg
1916,,https://nongsaro.go.kr/portal/imgView.do?ep=a5gb/CMEYLclIUPoWw9/DZpAzn2z8@sWTCNA5pR4wDUQ3JLDiEeR6QK1y7GdSkvbVJfVLXCV1eYyTFHg31nAnw!!,1,BS000000039688,BS000000039688_0.jpg
1915,,https://nongsaro.go.kr/portal/imgView.do?ep=a5gb/CMEYLclIUPoWw9/DZpAzn2z8@sWTCNA5pR4wDXmozVyQZUAOF6DZR9nsqZOVJfVLXCV1eYyTFHg31nAnw!!,1,BS000000039644,BS000000039644_0.jpg
1914,,https://nongsaro.go.kr/portal/imgView.do?ep=a5gb/CMEYLclIUPoWw9/DZpAzn2z8@sWTCNA5pR4wDUueMS5ZkH/L/iLjy7RdNNXVJfVLXCV1eYyTFHg31nAnw!!,1,BS000000039629,BS000000039629_0.jpg
1913,,https://nongsaro.go.kr/portal/imgView.do?ep=a5gb/CMEYLclIUPoWw9/DZpAzn2z8@sWTCNA5pR4wDX6VlAnUxRWFuM5EMhTOmfmVJfVLXCV1eYyTFHg31nAnw!!,1,BS000000039623,BS000000039623_0.jpg
1912,,https://nongsaro.go.kr/portal/imgView.do?ep=a5gb/CMEYLclIUPoWw9/DZpAzn2z8@sWTCNA5pR4wDX@5PJUXl42AsnLa9bVUlfdVJfVLXCV1eYyTFHg31nAnw!!,1,BS000000039518,BS000000039518_0.jpg
1911,,https://nongsaro.go.kr/portal/imgView.do?ep=a5gb/CMEYLclIUPoWw9/DZpAzn2z8@sWTCNA5pR4wDV7J2SSseja7@8OY7D@uF9AVJfVLXCV1eYyTFHg31nAnw!!,1,BS000000039512,BS000000039512_0.jpg
1910,,https://nongsaro.go.kr/portal/imgView.do?ep=a5gb/CMEYLclIUPoWw9/DZpAzn2z8@sWTCNA5pR4wDXKvR/fEE7crDzUanKKnng1VJfVLXCV1eYyTFHg31nAnw!!,1,BS000000039493,BS000000039493_0.jpg
1909,,https://nongsaro.go.kr/portal/imgView.do?ep=a5gb/CMEYLclIUPoWw9/DZpAzn2z8@sWTCNA5pR4wDWfIwvFeu6BU0IzmF9e0MSqVJfVLXCV1eYyTFHg31nAnw!!,1,BS000000039486,BS000000039486_0.jpg
1908,,https://nongsaro.go.kr/portal/imgView.do?ep=a5gb/CMEYLclIUPoWw9/DZpAzn2z8@sWTCNA5pR4wDVQECOZqijhGoRMufBgX7EqVJfVLXCV1eYyTFHg31nAnw!!,1,BS000000039449,BS000000039449_0.jpg
1907,,https://nongsaro.go.kr/portal/imgView.do?ep=a5gb/CMEYLclIUPoWw9/DZpAzn2z8@sWTCNA5pR4wDV5AfZgScRG2IIGeGjU4KTFVJfVLXCV1eYyTFHg31nAnw!!,1,BS000000039442,BS000000039442_0.jpg
1906,,https://nongsaro.go.kr/portal/imgView.do?ep=a5gb/CMEYLclIUPoWw9/DZpAzn2z8@sWTCNA5pR4wDUaykuNF@SheSFlMCQrsVbiVJfVLXCV1eYyTFHg31nAnw!!,1,BS000000039431,BS000000039431_0.jpg
1905,,https://nongsaro.go.kr/portal/imgView.do?ep=a5gb/CMEYLclIUPoWw9/DZpAzn2z8@sWTCNA5pR4wDVVecuxadSSz8nsoI@hYggbVJfVLXCV1eYyTFHg31nAnw!!,1,BS000000039425,BS000000039425_0.jpg
1904,,https://nongsaro.go.kr/portal/imgView.do?ep=a5gb/CMEYLclIUPoWw9/DZpAzn2z8@sWTCNA5pR4wDU37th0F7kL5VmLyn3KyFnDVJfVLXCV1eYyTFHg31nAnw!!,1,BS000000039405,BS000000039405_0.jpg
1903,,https://nongsaro.go.kr/portal/imgView.do?ep=a5gb/CMEYLclIUPoWw9/DZpAzn2z8@sWTCNA5pR4wDUgj7q/EUetezWzWUMGFdDAVJfVLXCV1eYyTFHg31nAnw!!,1,BS000000039399,BS000000039399_0.jpg
1902,,https://nongsaro.go.kr/portal/imgView.do?ep=a5gb/CMEYLclIUPoWw9/DZpAzn2z8@sWTCNA5pR4wDV3DmtjAikodOgPfB6miSKmVJfVLXCV1eYyTFHg31nAnw!!,1,BS000000039393,BS000000039393_0.jpg
1901,,https://nongsaro.go.kr/portal/imgView.do?ep=a5gb/CMEYLclIUPoWw9/DZpAzn2z8@sWTCNA5pR4wDVwpMwF8p28Z@3RHAQ7HlLpVJfVLXCV1eYyTFHg31nAnw!!,1,BS000000039385,BS000000039385_0.jpg
1900,,https://nongsaro.go.kr/portal/imgView.do?ep=a5gb/CMEYLclIUPoWw9/DZpAzn2z8@sWTCNA5pR4wDUVieDNjBz3qnKpZ0jIHFqQVJfVLXCV1eYyTFHg31nAnw!!,1,BS000000039379,BS000000039379_0.jpg
1899,,https://nongsaro.go.kr/portal/imgView.do?ep=a5gb/CMEYLclIUPoWw9/DZpAzn2z8@sWTCNA5pR4wDXenmbI0lQ@KHwVamelf/AzVJfVLXCV1eYyTFHg31nAnw!!,1,BS000000039363,BS000000039363_0.jpg
1898,,https://nongsaro.go.kr/portal/imgView.do?ep=a5gb/CMEYLclIUPoWw9/DZpAzn2z8@sWTCNA5pR4wDWRwj2lVrJA/omPZns3XJmfVJfVLXCV1eYyTFHg31nAnw!!,1,BS000000039354,BS000000039354_0.jpg
1897,,https://nongsaro.go.kr/portal/imgView.do?ep=a5gb/CMEYLclIUPoWw9/DZpAzn2z8@sWTCNA5pR4wDW9pvpA02GdcVDRgouX467pVJfVLXCV1eYyTFHg31nAnw!!,1,BS000000039341,BS000000039341_0.jpg
1896,,https://nongsaro.go.kr/portal/imgView.do?ep=a5gb/CMEYLclIUPoWw9/DZpAzn2z8@sWTCNA5pR4wDXqmm0tVS80GUhr950Wq3zpVJfVLXCV1eYyTFHg31nAnw!!,1,BS000000039335,BS000000039335_0.jpg
1895,,https://nongsaro.go.kr/portal/imgView.do?ep=a5gb/CMEYLclIUPoWw9/DZpAzn2z8@sWTCNA5pR4wDUrCNw4s/0mMVxCRc0SU7hzVJfVLXCV1eYyTFHg31nAnw!!,1,BS000000039324,BS000000039324_0.jpg
1894,,https://nongsaro.go.kr/portal/imgView.do?ep=a5gb/CMEYLclIUPoWw9/DZpAzn2z8@sWTCNA5pR4wDVvIgUM7D1fKrlpKGZHcpj2VJfVLXCV1eYyTFHg31nAnw!!,1,BS000000039318,BS000000039318_0.jpg
1893,,https://nongsaro.go.kr/portal/imgView.do?ep=a5gb/CMEYLclIUPoWw9/DZpAzn2z8@sWTCNA5pR4wDUYy5EVRF4yZFx9QSWyfofmVJfVLXCV1eYyTFHg31nAnw!!,1,BS000000039311,BS000000039311_0.jpg
1888,,https://nongsaro.go.kr/portal/imgView.do?ep=a5gb/CMEYLclIUPoWw9/DZpAzn2z8@sWTCNA5pR4wDVSjQRubPjLy@6y4IkN40MNVJfVLXCV1eYyTFHg31nAnw!!,1,BS000000039284,BS000000039284_0.jpg
1887,,https://nongsaro.go.kr/portal/imgView.do?ep=a5gb/CMEYLclIUPoWw9/DZpAzn2z8@sWTCNA5pR4wDUviKvg@Epa3LVqp@PQSOpyVJfVLXCV1eYyTFHg31nAnw!!,1,BS000000039278,BS000000039278_0.jpg
1886,,https://nongsaro.go.kr/portal/imgView.do?ep=a5gb/CMEYLclIUPoWw9/DZpAzn2z8@sWTCNA5pR4wDUTk85FJss0rvUYrd@1aMXOr/BD1mimyxS24DCPRsGqxQ!!,1,BS000000039272,BS000000039272_1.jpg
1885,,https://nongsaro.go.kr/portal/imgView.do?ep=a5gb/CMEYLclIUPoWw9/DZpAzn2z8@sWTCNA5pR4wDX9t7KA1e3ZsDrAnyVCFCdLVJfVLXCV1eYyTFHg31nAnw!!,1,BS000000039261,BS000000039261_0.jpg
1884,,https://nongsaro.go.kr/portal/imgView.do?ep=a5gb/CMEYLclIUPoWw9/DZpAzn2z8@sWTCNA5pR4wDWRI@huAIazEroW5V/usj8lVJfVLXCV1eYyTFHg31nAnw!!,1,BS000000039255,BS000000039255_0.jpg
1883,,https://nongsaro.go.kr/portal/imgView.do?ep=a5gb/CMEYLclIUPoWw9/DZpAzn2z8@sWTCNA5pR4wDVBWfC3/YsgqOIlR7hy4nNPnM@PwCp/wIoz5K1zWGBVHg!!,1,BS000000039243,BS000000039243_3.jpg
1882,,https://nongsaro.go.kr/portal/imgView.do?ep=a5gb/CMEYLclIUPoWw9/DZpAzn2z8@sWTCNA5pR4wDXg5naOBvIU5@xzvVGQmyGEVJfVLXCV1eYyTFHg31nAnw!!,1,BS000000039237,BS000000039237_0.jpg
1881,,https://nongsaro.go.kr/portal/imgView.do?ep=a5gb/CMEYLclIUPoWw9/DZpAzn2z8@sWTCNA5pR4wDVZdroFMm4/fnK/44kus0FcVJfVLXCV1eYyTFHg31nAnw!!,1,BS000000039223,BS000000039223_0.jpg
1880,,https://nongsaro.go.kr/portal/imgView.do?ep=a5gb/CMEYLclIUPoWw9/DZpAzn2z8@sWTCNA5pR4wDUpb6R4RdzbkrLR1okX1Xg@VJfVLXCV1eYyTFHg31nAnw!!,1,BS000000039213,BS000000039213_0.jpg
1879,,https://nongsaro.go.kr/portal/imgView.do?ep=a5gb/CMEYLclIUPoWw9/DZpAzn2z8@sWTCNA5pR4wDVwks9jfneKST7kKUYgAt9IVJfVLXCV1eYyTFHg31nAnw!!,1,BS000000039206,BS000000039206_0.jpg
1878,,https://nongsaro.go.kr/portal/imgView.do?ep=a5gb/CMEYLclIUPoWw9/DZpAzn2z8@sWTCNA5pR4wDXOqTVs2j@QfUVYl0XHUxfvr/BD1mimyxS24DCPRsGqxQ!!,1,BS000000039174,BS000000039174_1.jpg
1877,,https://nongsaro.go.kr/portal/imgView.do?ep=a5gb/CMEYLclIUPoWw9/DZpAzn2z8@sWTCNA5pR4wDU1IkAVLJ8nGDve3SRyd6KKVJfVLXCV1eYyTFHg31nAnw!!,1,BS000000039168,BS000000039168_0.jpg
1876,,https://nongsaro.go.kr/portal/imgView.do?ep=a5gb/CMEYLclIUPoWw9/DZpAzn2z8@sWTCNA5pR4wDVCXHCCb/2Hj8gbMnyOalOdVJfVLXCV1eYyTFHg31nAnw!!,1,BS000000039162,BS000000039162_0.jpg
1875,,https://nongsaro.go.kr/portal/imgView.do?ep=a5gb/CMEYLclIUPoWw9/DZpAzn2z8@sWTCNA5pR4wDWeBrV6MVRAVNpk4Q8mz0DjVJfVLXCV1eYyTFHg31nAnw!!,1,BS000000039149,BS000000039149_0.jpg
1874,,https://nongsaro.go.kr/portal/imgView.do?ep=a5gb/CMEYLclIUPoWw9/DZpAzn2z8@sWTCNA5pR4wDWEjYC2w7d5OGTQhsBYhmJxVJfVLXCV1eYyTFHg31nAnw!!,1,BS000000039143,BS000000039143_0.jpg
1873,,https://nongsaro.go.kr/portal/imgView.do?ep=a5gb/CMEYLclIUPoWw9/DZpAzn2z8@sWTCNA5pR4wDXdBjzmc/fpIr5toVz0v1sSVJfVLXCV1eYyTFHg31nAnw!!,1,BS000000039137,BS000000039137_0.jpg
1872,,https://nongsaro.go.kr/portal/imgView.do?ep=a5gb/CMEYLclIUPoWw9/DZpAzn2z8@sWTCNA5pR4wDXQlTZdzrz7Gh7jROV2RCZaVJfVLXCV1eYyTFHg31nAnw!!,1,BS000000039123,BS000000039123_0.jpg
1871,,https://nongsaro.go.kr/portal/imgView.do?ep=a5gb/CMEYLclIUPoWw9/DZpAzn2z8@sWTCNA5pR4wDUARcccoWVHzliSNwm7bWJ5VJfVLXCV1eYyTFHg31nAnw!!,1,BS000000039117,BS000000039117_0.jpg
1870,,https://nongsaro.go.kr/portal/imgView.do?ep=a5gb/CMEYLclIUPoWw9/DZpAzn2z8@sWTCNA5pR4wDUaXW6fI6jXO8XDOIf3TtNcr/BD1mimyxS24DCPRsGqxQ!!,1,BS000000039109,BS000000039109_1.jpg
1869,,https://nongsaro.go.kr/portal/imgView.do?ep=a5gb/CMEYLclIUPoWw9/DZpAzn2z8@sWTCNA5pR4wDXr8ydppup04TwVSCDfP3afVJfVLXCV1eYyTFHg31nAnw!!,1,BS000000039099,BS000000039099_0.jpg
1868,,https://nongsaro.go.kr/portal/imgView.do?ep=a5gb/CMEYLclIUPoWw9/DZpAzn2z8@sWTCNA5pR4wDXU5lnKM64ga2HJyDP1b9KWVJfVLXCV1eYyTFHg31nAnw!!,1,BS000000039091,BS000000039091_0.jpg
1867,,https://nongsaro.go.kr/portal/imgView.do?ep=a5gb/CMEYLclIUPoWw9/DZpAzn2z8@sWTCNA5pR4wDVrcnH7MW61kD1qEHAf4RHYVJfVLXCV1eYyTFHg31nAnw!!,1,BS000000039077,BS000000039077_0.jpg
1866,,https://nongsaro.go.kr/portal/imgView.do?ep=a5gb/CMEYLclIUPoWw9/DZpAzn2z8@sWTCNA5pR4wDWKnU@pcIqpEr8vNDLQwBcPVJfVLXCV1eYyTFHg31nAnw!!,1,BS000000039071,BS000000039071_0.jpg
1865,,https://nongsaro.go.kr/portal/imgView.do?ep=a5gb/CMEYLclIUPoWw9/DZpAzn2z8@sWTCNA5pR4wDWh1T5Wrip5yhBWVLBI1rhVVJfVLXCV1eYyTFHg31nAnw!!,1,BS000000039061,BS000000039061_0.jpg
1864,,https://nongsaro.go.kr/portal/imgView.do?ep=a5gb/CMEYLclIUPoWw9/DZpAzn2z8@sWTCNA5pR4wDX/95/rzdf4i4Hym/2i@kdrVJfVLXCV1eYyTFHg31nAnw!!,1,BS000000039054,BS000000039054_0.jpg
1863,,https://nongsaro.go.kr/portal/imgView.do?ep=a5gb/CMEYLclIUPoWw9/DZpAzn2z8@sWTCNA5pR4wDWsQhbZ3B4BdX98UMGCdhPzVJfVLXCV1eYyTFHg31nAnw!!,1,BS000000039048,BS000000039048_0.jpg
1862,,https://nongsaro.go.kr/portal/imgView.do?ep=a5gb/CMEYLclIUPoWw9/DZpAzn2z8@sWTCNA5pR4wDXWu1UDC0JkxH6AbZHegNmtVJfVLXCV1eYyTFHg31nAnw!!,1,BS000000039042,BS000000039042_0.jpg
1861,,https://nongsaro.go.kr/portal/imgView.do?ep=a5gb/CMEYLclIUPoWw9/DZpAzn2z8@sWTCNA5pR4wDXs3P3wHBJxWUpP3n/BFPTmVJfVLXCV1eYyTFHg31nAnw!!,1,BS000000039027,BS000000039027_0.jpg
1860,,https://nongsaro.go.kr/portal/imgView.do?ep=a5gb/CMEYLclIUPoWw9/DZpAzn2z8@sWTCNA5pR4wDWoSbKYsSmXQQGqfuNGgLLkVJfVLXCV1eYyTFHg31nAnw!!,1,BS000000039021,BS000000039021_0.jpg
1859,,https://nongsaro.go.kr/portal/imgView.do?ep=a5gb/CMEYLclIUPoWw9/DZpAzn2z8@sWTCNA5pR4wDU3npJajifG@Cy7oXGOZ068VJfVLXCV1eYyTFHg31nAnw!!,1,BS000000039015,BS000000039015_0.jpg
1858,,https://nongsaro.go.kr/portal/imgView.do?ep=a5gb/CMEYLclIUPoWw9/DZpAzn2z8@sWTCNA5pR4wDVXv0J9pjaBhJiofdR8E62tVJfVLXCV1eYyTFHg31nAnw!!,1,BS000000039004,BS000000039004_0.jpg
1857,,https://nongsaro.go.kr/portal/imgView.do?ep=a5gb/CMEYLclIUPoWw9/DZpAzn2z8@sWTCNA5pR4wDW/OlHKzvmcxplm7qyi3@oOVJfVLXCV1eYyTFHg31nAnw!!,1,BS000000038998,BS000000038998_0.jpg
1856,,https://nongsaro.go.kr/portal/imgView.do?ep=a5gb/CMEYLclIUPoWw9/DZpAzn2z8@sWTCNA5pR4wDW8Ga/8UaWgZYxlEo4CB7nzVJfVLXCV1eYyTFHg31nAnw!!,1,BS000000038988,BS000000038988_0.jpg
1855,,https://nongsaro.go.kr/portal/imgView.do?ep=a5gb/CMEYLclIUPoWw9/DZpAzn2z8@sWTCNA5pR4wDVs744rjRLxkIisPEKZyYhFVJfVLXCV1eYyTFHg31nAnw!!,1,BS000000038982,BS000000038982_0.jpg
1854,,https://nongsaro.go.kr/portal/imgView.do?ep=a5gb/CMEYLclIUPoWw9/DZpAzn2z8@sWTCNA5pR4wDVcXxJr1zw/9JtlXriRDFp2VJfVLXCV1eYyTFHg31nAnw!!,1,BS000000038976,BS000000038976_0.jpg
1853,,https://nongsaro.go.kr/portal/imgView.do?ep=a5gb/CMEYLclIUPoWw9/DZpAzn2z8@sWTCNA5pR4wDWYMXl7RMaumyBkPZzyLMSrVJfVLXCV1eYyTFHg31nAnw!!,1,BS000000038959,BS000000038959_0.jpg
1852,,https://nongsaro.go.kr/portal/imgView.do?ep=a5gb/CMEYLclIUPoWw9/DZpAzn2z8@sWTCNA5pR4wDW49PabydC@1itdNXTR6ftdVJfVLXCV1eYyTFHg31nAnw!!,1,BS000000038940,BS000000038940_0.jpg
1850,,https://nongsaro.go.kr/portal/imgView.do?ep=a5gb/CMEYLclIUPoWw9/DZpAzn2z8@sWTCNA5pR4wDWGoEPJq4SwUaP7JLuQvNPZVJfVLXCV1eYyTFHg31nAnw!!,1,BS000000038928,BS000000038928_0.jpg
1849,,https://nongsaro.go.kr/portal/imgView.do?ep=a5gb/CMEYLclIUPoWw9/DZpAzn2z8@sWTCNA5pR4wDUvjud5eGbsnuS7rjOoWUkYVJfVLXCV1eYyTFHg31nAnw!!,1,BS000000038919,BS000000038919_0.jpg
1848,,https://nongsaro.go.kr/portal/imgView.do?ep=a5gb/CMEYLclIUPoWw9/DZpAzn2z8@sWTCNA5pR4wDUnkFk6yKVFP8gjTgSq1AjVVJfVLXCV1eYyTFHg31nAnw!!,1,BS000000038913,BS000000038913_0.jpg
1847,,https://nongsaro.go.kr/portal/imgView.do?ep=a5gb/CMEYLclIUPoWw9/DZpAzn2z8@sWTCNA5pR4wDWmvZ3vJsf8qi0pHu7sga5TVJfVLXCV1eYyTFHg31nAnw!!,1,BS000000038897,BS000000038897_0.jpg
1846,,https://nongsaro.go.kr/portal/imgView.do?ep=a5gb/CMEYLclIUPoWw9/DZpAzn2z8@sWTCNA5pR4wDXWI/HYpD3p8@7FJgVI/WDCVJfVLXCV1eYyTFHg31nAnw!!,1,BS000000038891,BS000000038891_0.jpg
1845,,https://nongsaro.go.kr/portal/imgView.do?ep=a5gb/CMEYLclIUPoWw9/DZpAzn2z8@sWTCNA5pR4wDU@qVthYOWqf/uS/uAGa/f7VJfVLXCV1eYyTFHg31nAnw!!,1,BS000000038828,BS000000038828_0.jpg
1844,,https://nongsaro.go.kr/portal/imgView.do?ep=a5gb/CMEYLclIUPoWw9/DZpAzn2z8@sWTCNA5pR4wDUpBQtHA3rgynJq/1oBUesGVJfVLXCV1eYyTFHg31nAnw!!,1,BS000000038822,BS000000038822_0.jpg
1843,,https://nongsaro.go.kr/portal/imgView.do?ep=a5gb/CMEYLclIUPoWw9/DZpAzn2z8@sWTCNA5pR4wDX0ASd9HPF@qETtRb8F7aLUVJfVLXCV1eYyTFHg31nAnw!!,1,BS000000038812,BS000000038812_0.jpg
1842,,https://nongsaro.go.kr/portal/imgView.do?ep=a5gb/CMEYLclIUPoWw9/DZpAzn2z8@sWTCNA5pR4wDUSUOnI4TtVeqpu4bQvGrHmVJfVLXCV1eYyTFHg31nAnw!!,1,BS000000038804,BS000000038804_0.jpg
1841,,https://nongsaro.go.kr/portal/imgView.do?ep=a5gb/CMEYLclIUPoWw9/DZpAzn2z8@sWTCNA5pR4wDUov58tlactbmx77AlVralHVJfVLXCV1eYyTFHg31nAnw!!,1,BS000000038791,BS000000038791_0.jpg
1840,,https://nongsaro.go.kr/portal/imgView.do?ep=a5gb/CMEYLclIUPoWw9/DZpAzn2z8@sWTCNA5pR4wDXlUvoUVPhMquBLPwv4oSU0VJfVLXCV1eYyTFHg31nAnw!!,1,BS000000038778,BS000000038778_0.jpg
1839,,https://nongsaro.go.kr/portal/imgView.do?ep=a5gb/CMEYLclIUPoWw9/DZpAzn2z8@sWTCNA5pR4wDXO4mI51G4fvj3UeAvd1ERZVJfVLXCV1eYyTFHg31nAnw!!,1,BS000000038768,BS000000038768_0.jpg
1838,,https://nongsaro.go.kr/portal/imgView.do?ep=a5gb/CMEYLclIUPoWw9/DZpAzn2z8@sWTCNA5pR4wDV9WOxCagFvMaWcni6l2/l5VJfVLXCV1eYyTFHg31nAnw!!,1,BS000000038761,BS000000038761_0.jpg
1837,,https://nongsaro.go.kr/portal/imgView.do?ep=a5gb/CMEYLclIUPoWw9/DZpAzn2z8@sWTCNA5pR4wDVNZ@Zq8Dt9ybgJ0mnKVSZ0VJfVLXCV1eYyTFHg31nAnw!!,1,BS000000038749,BS000000038749_0.jpg
1836,,https://nongsaro.go.kr/portal/imgView.do?ep=a5gb/CMEYLclIUPoWw9/DZpAzn2z8@sWTCNA5pR4wDWPBDzetYKU1jVqID63Qe2nVJfVLXCV1eYyTFHg31nAnw!!,1,BS000000038743,BS000000038743_0.jpg
1835,,https://nongsaro.go.kr/portal/imgView.do?ep=a5gb/CMEYLclIUPoWw9/DZpAzn2z8@sWTCNA5pR4wDWUGnWVn6eDp/7N7ww@sDEhVJfVLXCV1eYyTFHg31nAnw!!,1,BS000000038735,BS000000038735_0.jpg
1834,,https://nongsaro.go.kr/portal/imgView.do?ep=a5gb/CMEYLclIUPoWw9/DZpAzn2z8@sWTCNA5pR4wDWKPmTFq8AzPtCsKJwEnbooVJfVLXCV1eYyTFHg31nAnw!!,1,BS000000038725,BS000000038725_0.jpg
1833,,https://nongsaro.go.kr/portal/imgView.do?ep=a5gb/CMEYLclIUPoWw9/DZpAzn2z8@sWTCNA5pR4wDVum@RE@ICCKWloMr7CRZE9zikZYGMo0Hz8ayNFiXs3DQ!!,1,BS000000038716,BS000000038716_2.jpg
1832,,https://nongsaro.go.kr/portal/imgView.do?ep=a5gb/CMEYLclIUPoWw9/DZpAzn2z8@sWTCNA5pR4wDWDSXmBhYlfz6BrYFgdmCsaVJfVLXCV1eYyTFHg31nAnw!!,1,BS000000038707,BS000000038707_0.jpg
1831,,https://nongsaro.go.kr/portal/imgView.do?ep=a5gb/CMEYLclIUPoWw9/DZpAzn2z8@sWTCNA5pR4wDXAXnAtc/oFYLCW//7pQQbdVJfVLXCV1eYyTFHg31nAnw!!,1,BS000000038695,BS000000038695_0.jpg
1829,,https://nongsaro.go.kr/portal/imgView.do?ep=a5gb/CMEYLclIUPoWw9/DZpAzn2z8@sWTCNA5pR4wDV@5oxUsSQeYEBl2ale2Iuwr/BD1mimyxS24DCPRsGqxQ!!,1,BS000000038675,BS000000038675_1.jpg
1828,,https://nongsaro.go.kr/portal/imgView.do?ep=a5gb/CMEYLclIUPoWw9/DZpAzn2z8@sWTCNA5pR4wDX8VTexVaSTvpokF3qG2Xy8VJfVLXCV1eYyTFHg31nAnw!!,1,BS000000038658,BS000000038658_0.jpg
1827,,https://nongsaro.go.kr/portal/imgView.do?ep=a5gb/CMEYLclIUPoWw9/DZpAzn2z8@sWTCNA5pR4wDWpWzX50@uJdCnv@AsAvnwXVJfVLXCV1eYyTFHg31nAnw!!,1,BS000000038642,BS000000038642_0.jpg
1826,,https://nongsaro.go.kr/portal/imgView.do?ep=a5gb/CMEYLclIUPoWw9/DZpAzn2z8@sWTCNA5pR4wDU3ZILJYU8PB5jv8OCTmVXjVJfVLXCV1eYyTFHg31nAnw!!,1,BS000000038636,BS000000038636_0.jpg
1825,,https://nongsaro.go.kr/portal/imgView.do?ep=a5gb/CMEYLclIUPoWw9/DZpAzn2z8@sWTCNA5pR4wDUiDCZgSAcV/daYs1z5UroWVJfVLXCV1eYyTFHg31nAnw!!,1,BS000000038630,BS000000038630_0.jpg
1824,,https://nongsaro.go.kr/portal/imgView.do?ep=a5gb/CMEYLclIUPoWw9/DZpAzn2z8@sWTCNA5pR4wDXsaXrRDIxEtgkkRY2cZmXEVJfVLXCV1eYyTFHg31nAnw!!,1,BS000000038620,BS000000038620_0.jpg
1822,,https://nongsaro.go.kr/portal/imgView.do?ep=a5gb/CMEYLclIUPoWw9/DZpAzn2z8@sWTCNA5pR4wDV9OyrFz13qAnI/65HpGdi/VJfVLXCV1eYyTFHg31nAnw!!,1,BS000000038161,BS000000038161_0.jpg
1821,,https://nongsaro.go.kr/portal/imgView.do?ep=a5gb/CMEYLclIUPoWw9/DZpAzn2z8@sWTCNA5pR4wDWDtXUYY5eqx9Bt@H1ojGD/VJfVLXCV1eYyTFHg31nAnw!!,1,BS000000038125,BS000000038125_0.jpg
1820,,https://nongsaro.go.kr/portal/imgView.do?ep=a5gb/CMEYLclIUPoWw9/DZpAzn2z8@sWTCNA5pR4wDX2HlGjk3Oo5/uejBKIVNybVJfVLXCV1eYyTFHg31nAnw!!,1,BS000000038116,BS000000038116_0.jpg
1819,,https://nongsaro.go.kr/portal/imgView.do?ep=a5gb/CMEYLclIUPoWw9/DZpAzn2z8@sWTCNA5pR4wDUKsyV7BnQ8MwTKOyDcSZxQVJfVLXCV1eYyTFHg31nAnw!!,1,BS000000038089,BS000000038089_0.jpg
1818,,https://nongsaro.go.kr/portal/imgView.do?ep=a5gb/CMEYLclIUPoWw9/DZpAzn2z8@sWTCNA5pR4wDVuBp39NPSj86bMFxYLJeYSVJfVLXCV1eYyTFHg31nAnw!!,1,BS000000038064,BS000000038064_0.jpg
1817,,https://nongsaro.go.kr/portal/imgView.do?ep=a5gb/CMEYLclIUPoWw9/DZpAzn2z8@sWTCNA5pR4wDWXEfNVeud6KZPfQs5tz6RXVJfVLXCV1eYyTFHg31nAnw!!,1,BS000000038058,BS000000038058_0.jpg
1816,,https://nongsaro.go.kr/portal/imgView.do?ep=a5gb/CMEYLclIUPoWw9/DZpAzn2z8@sWTCNA5pR4wDUo5ryrCbyeiDLpDwtqf@Y8VJfVLXCV1eYyTFHg31nAnw!!,1,BS000000038022,BS000000038022_0.jpg
1815,,https://nongsaro.go.kr/portal/imgView.do?ep=a5gb/CMEYLclIUPoWw9/DZpAzn2z8@sWTCNA5pR4wDV4xZLxzRsWKHjNAAL1ZPO5VJfVLXCV1eYyTFHg31nAnw!!,1,BS000000038003,BS000000038003_0.jpg
1814,,https://nongsaro.go.kr/portal/imgView.do?ep=a5gb/CMEYLclIUPoWw9/DZpAzn2z8@sWTCNA5pR4wDV0Pcjix@M@OjW3J5O68uGGVJfVLXCV1eYyTFHg31nAnw!!,1,BS000000037997,BS000000037997_0.jpg
1813,,https://nongsaro.go.kr/portal/imgView.do?ep=a5gb/CMEYLclIUPoWw9/DZpAzn2z8@sWTCNA5pR4wDWeKizCYuBF5dZg5OdSGT7KVJfVLXCV1eYyTFHg31nAnw!!,1,BS000000037968,BS000000037968_0.jpg
1812,,https://nongsaro.go.kr/portal/imgView.do?ep=a5gb/CMEYLclIUPoWw9/DZpAzn2z8@sWTCNA5pR4wDVCmdLfXdLrp5kuO/UxS7yBVJfVLXCV1eYyTFHg31nAnw!!,1,BS000000037950,BS000000037950_0.jpg
1811,,https://nongsaro.go.kr/portal/imgView.do?ep=a5gb/CMEYLclIUPoWw9/DZpAzn2z8@sWTCNA5pR4wDXkTGtFoPKkjKDYw6TxUIR7VJfVLXCV1eYyTFHg31nAnw!!,1,BS000000037917,BS000000037917_0.jpg
1810,,https://nongsaro.go.kr/portal/imgView.do?ep=a5gb/CMEYLclIUPoWw9/DZpAzn2z8@sWTCNA5pR4wDWS4fzHqfCVx0Yna3dBokWoVJfVLXCV1eYyTFHg31nAnw!!,1,BS000000037901,BS000000037901_0.jpg
1809,,https://nongsaro.go.kr/portal/imgView.do?ep=a5gb/CMEYLclIUPoWw9/DZpAzn2z8@sWTCNA5pR4wDXZSupnucpulnj8JhT/YLDYVJfVLXCV1eYyTFHg31nAnw!!,1,BS000000037842,BS000000037842_0.jpg
1808,,https://nongsaro.go.kr/portal/imgView.do?ep=a5gb/CMEYLclIUPoWw9/DZpAzn2z8@sWTCNA5pR4wDWLOrRDfUOe1gu@AHQ1jJPgVJfVLXCV1eYyTFHg31nAnw!!,1,BS000000037834,BS000000037834_0.jpg
1807,,https://nongsaro.go.kr/portal/imgView.do?ep=a5gb/CMEYLclIUPoWw9/DZpAzn2z8@sWTCNA5pR4wDUXJJ/YijdgqLKy0h4FttGcVJfVLXCV1eYyTFHg31nAnw!!,1,BS000000037826,BS000000037826_0.jpg
1806,,https://nongsaro.go.kr/portal/imgView.do?ep=a5gb/CMEYLclIUPoWw9/DZpAzn2z8@sWTCNA5pR4wDXb/KIIGTn52EjiiIaPIyrjVJfVLXCV1eYyTFHg31nAnw!!,1,BS000000037820,BS000000037820_0.jpg
1805,,https://nongsaro.go.kr/portal/imgView.do?ep=a5gb/CMEYLclIUPoWw9/DZpAzn2z8@sWTCNA5pR4wDUC/g28e965FvHcJfwinajqVJfVLXCV1eYyTFHg31nAnw!!,1,BS000000037802,BS000000037802_0.jpg
1804,,https://nongsaro.go.kr/portal/imgView.do?ep=a5gb/CMEYLclIUPoWw9/DZpAzn2z8@sWTCNA5pR4wDXF3wyozV@fjGW4XvT55r9TVJfVLXCV1eYyTFHg31nAnw!!,1,BS000000037779,BS000000037779_0.jpg
1803,,https://nongsaro.go.kr/portal/imgView.do?ep=a5gb/CMEYLclIUPoWw9/DZpAzn2z8@sWTCNA5pR4wDVLVDelBKOiy@QwY3Xyz8hTVJfVLXCV1eYyTFHg31nAnw!!,1,BS000000037768,BS000000037768_0.jpg
1802,,https://nongsaro.go.kr/portal/imgView.do?ep=a5gb/CMEYLclIUPoWw9/DZpAzn2z8@sWTCNA5pR4wDXCGseZiZJACFaiER@L0PI4VJfVLXCV1eYyTFHg31nAnw!!,1,BS000000037738,BS000000037738_0.jpg
1801,,https://nongsaro.go.kr/portal/imgView.do?ep=a5gb/CMEYLclIUPoWw9/DZpAzn2z8@sWTCNA5pR4wDWYma8mTns/3XCq5uzkYBTBVJfVLXCV1eYyTFHg31nAnw!!,1,BS000000037710,BS000000037710_0.jpg
1800,,https://nongsaro.go.kr/portal/imgView.do?ep=a5gb/CMEYLclIUPoWw9/DZpAzn2z8@sWTCNA5pR4wDWqkZ@hGgFMkFuAjVUuIMX2VJfVLXCV1eYyTFHg31nAnw!!,1,BS000000037684,BS000000037684_0.jpg
1799,,https://nongsaro.go.kr/portal/imgView.do?ep=a5gb/CMEYLclIUPoWw9/DZpAzn2z8@sWTCNA5pR4wDWEvi1W02xs4rFjbir78m8aVJfVLXCV1eYyTFHg31nAnw!!,1,BS000000037663,BS000000037663_0.jpg
1798,,https://nongsaro.go.kr/portal/imgView.do?ep=a5gb/CMEYLclIUPoWw9/DZpAzn2z8@sWTCNA5pR4wDU6nYML4AK8ZqpoGcqyZU/pVJfVLXCV1eYyTFHg31nAnw!!,1,BS000000037646,BS000000037646_0.jpg
1797,,https://nongsaro.go.kr/portal/imgView.do?ep=a5gb/CMEYLclIUPoWw9/DZpAzn2z8@sWTCNA5pR4wDXs8uhxKHqiQ2Gbk80sqDhXVJfVLXCV1eYyTFHg31nAnw!!,1,BS000000037639,BS000000037639_0.jpg
1796,,https://nongsaro.go.kr/portal/imgView.do?ep=a5gb/CMEYLclIUPoWw9/DZpAzn2z8@sWTCNA5pR4wDUzijMm2CwW4v09R6eJODy9VJfVLXCV1eYyTFHg31nAnw!!,1,BS000000037630,BS000000037630_0.jpg
1795,,https://nongsaro.go.kr/portal/imgView.do?ep=a5gb/CMEYLclIUPoWw9/DZpAzn2z8@sWTCNA5pR4wDUtcbsmG1XX23BGVx8I96QoVJfVLXCV1eYyTFHg31nAnw!!,1,BS000000037618,BS000000037618_0.jpg
1794,,https://nongsaro.go.kr/portal/imgView.do?ep=a5gb/CMEYLclIUPoWw9/DZpAzn2z8@sWTCNA5pR4wDX/udWUOm3nE8ylUP1V@fgzVJfVLXCV1eYyTFHg31nAnw!!,1,BS000000037612,BS000000037612_0.jpg
1793,,https://nongsaro.go.kr/portal/imgView.do?ep=a5gb/CMEYLclIUPoWw9/DZpAzn2z8@sWTCNA5pR4wDX9sjIGo6cx/5AUjxCeAgvKVJfVLXCV1eYyTFHg31nAnw!!,1,BS000000037461,BS000000037461_0.jpg
1792,,https://nongsaro.go.kr/portal/imgView.do?ep=a5gb/CMEYLclIUPoWw9/DZpAzn2z8@sWTCNA5pR4wDXLMsXytcOrDwI@rpTxn1ZYVJfVLXCV1eYyTFHg31nAnw!!,1,BS000000037375,BS000000037375_0.jpg
1791,,https://nongsaro.go.kr/portal/imgView.do?ep=a5gb/CMEYLclIUPoWw9/DZpAzn2z8@sWTCNA5pR4wDWN8ES8xavdABXaMXCbd@CAVJfVLXCV1eYyTFHg31nAnw!!,1,BS000000037345,BS000000037345_0.jpg
1790,,https://nongsaro.go.kr/portal/imgView.do?ep=a5gb/CMEYLclIUPoWw9/DZpAzn2z8@sWTCNA5pR4wDXIzkFI8b/vhIzacilTZ1VZr/BD1mimyxS24DCPRsGqxQ!!,1,BS000000037302,BS000000037302_1.jpg
1789,,https://nongsaro.go.kr/portal/imgView.do?ep=a5gb/CMEYLclIUPoWw9/DZpAzn2z8@sWTCNA5pR4wDWZYCnZIae8TB8/GH0o8aNQr/BD1mimyxS24DCPRsGqxQ!!,1,BS000000037253,BS000000037253_1.jpg
1788,,https://nongsaro.go.kr/portal/imgView.do?ep=a5gb/CMEYLclIUPoWw9/DZpAzn2z8@sWTCNA5pR4wDUCmBLOJ3r7EQE0r0GBKWdWVJfVLXCV1eYyTFHg31nAnw!!,1,BS000000037246,BS000000037246_0.jpg
1787,,https://nongsaro.go.kr/portal/imgView.do?ep=a5gb/CMEYLclIUPoWw9/DZpAzn2z8@sWTCNA5pR4wDWsLBiA/C32qV8mdS/CKkidVJfVLXCV1eYyTFHg31nAnw!!,1,BS000000037232,BS000000037232_0.jpg
1786,,https://nongsaro.go.kr/portal/imgView.do?ep=a5gb/CMEYLclIUPoWw9/DZpAzn2z8@sWTCNA5pR4wDUqb04PHxImv4bcv4mDuQEsVJfVLXCV1eYyTFHg31nAnw!!,1,BS000000037225,BS000000037225_0.jpg
1785,,https://nongsaro.go.kr/portal/imgView.do?ep=a5gb/CMEYLclIUPoWw9/DZpAzn2z8@sWTCNA5pR4wDXl7pTiwnmWCBM8DpWaBdN/VJfVLXCV1eYyTFHg31nAnw!!,1,BS000000037209,BS000000037209_0.jpg
1784,,https://nongsaro.go.kr/portal/imgView.do?ep=a5gb/CMEYLclIUPoWw9/DZpAzn2z8@sWTCNA5pR4wDUm9wIYAm8IrsbwicjBwlXpVJfVLXCV1eYyTFHg31nAnw!!,1,BS000000037201,BS000000037201_0.jpg
1783,,https://nongsaro.go.kr/portal/imgView.do?ep=a5gb/CMEYLclIUPoWw9/DZpAzn2z8@sWTCNA5pR4wDUOJcO0LPM67EBOJbzukzH6VJfVLXCV1eYyTFHg31nAnw!!,1,BS000000037192,BS000000037192_0.jpg
1782,,https://nongsaro.go.kr/portal/imgView.do?ep=a5gb/CMEYLclIUPoWw9/DZpAzn2z8@sWTCNA5pR4wDUgyLmIKviuCkQhuGfC5@YFVJfVLXCV1eYyTFHg31nAnw!!,1,BS000000037174,BS000000037174_0.jpg
1781,,https://nongsaro.go.kr/portal/imgView.do?ep=a5gb/CMEYLclIUPoWw9/DZpAzn2z8@sWTCNA5pR4wDW7ZoaHCIAwMXbljInkY9EQVJfVLXCV1eYyTFHg31nAnw!!,1,BS000000037164,BS000000037164_0.jpg
1780,,https://nongsaro.go.kr/portal/imgView.do?ep=a5gb/CMEYLclIUPoWw9/DZpAzn2z8@sWTCNA5pR4wDVYtXY3pgu0MWHNcfpcj33DVJfVLXCV1eYyTFHg31nAnw!!,1,BS000000037041,BS000000037041_0.jpg
1779,,https://nongsaro.go.kr/portal/imgView.do?ep=a5gb/CMEYLclIUPoWw9/DZpAzn2z8@sWTCNA5pR4wDU0EoIJ@F6xFSHBwumY05@8VJfVLXCV1eYyTFHg31nAnw!!,1,BS000000037033,BS000000037033_0.jpg
1778,,https://nongsaro.go.kr/portal/imgView.do?ep=a5gb/CMEYLclIUPoWw9/DZpAzn2z8@sWTCNA5pR4wDUdEOmDCgqpXA5wc9Cet99qVJfVLXCV1eYyTFHg31nAnw!!,1,BS000000037014,BS000000037014_0.jpg
1777,,https://nongsaro.go.kr/portal/imgView.do?ep=a5gb/CMEYLclIUPoWw9/DZpAzn2z8@sWTCNA5pR4wDVOqR6tF6ffYdbnRmnxmFyrVJfVLXCV1eYyTFHg31nAnw!!,1,BS000000037008,BS000000037008_0.jpg
1776,,https://nongsaro.go.kr/portal/imgView.do?ep=a5gb/CMEYLclIUPoWw9/DZpAzn2z8@sWTCNA5pR4wDWjOSCQH67iReS6mBL9YhX3VJfVLXCV1eYyTFHg31nAnw!!,1,BS000000036991,BS000000036991_0.jpg
1775,,https://nongsaro.go.kr/portal/imgView.do?ep=a5gb/CMEYLclIUPoWw9/DZpAzn2z8@sWTCNA5pR4wDVJ3kByyP2coIs1OaPyUb/8VJfVLXCV1eYyTFHg31nAnw!!,1,BS000000036985,BS000000036985_0.jpg
1774,,https://nongsaro.go.kr/portal/imgView.do?ep=a5gb/CMEYLclIUPoWw9/DZpAzn2z8@sWTCNA5pR4wDWKqvD3OnCME3lww2D@etL3VJfVLXCV1eYyTFHg31nAnw!!,1,BS000000036979,BS000000036979_0.jpg
1773,,https://nongsaro.go.kr/portal/imgView.do?ep=a5gb/CMEYLclIUPoWw9/DZpAzn2z8@sWTCNA5pR4wDVdRKSsnjGs0xpRvzY9i6KEVJfVLXCV1eYyTFHg31nAnw!!,1,BS000000036970,BS000000036970_0.jpg
1772,,https://nongsaro.go.kr/portal/imgView.do?ep=a5gb/CMEYLclIUPoWw9/DZpAzn2z8@sWTCNA5pR4wDWxWZVqffWM7w37jWitzpFYVJfVLXCV1eYyTFHg31nAnw!!,1,BS000000036958,BS000000036958_0.jpg
1771,,https://nongsaro.go.kr/portal/imgView.do?ep=a5gb/CMEYLclIUPoWw9/DZpAzn2z8@sWTCNA5pR4wDVLUCSQRq/6A/Ln51lQWTaeVJfVLXCV1eYyTFHg31nAnw!!,1,BS000000036952,BS000000036952_0.jpg
1770,,https://nongsaro.go.kr/portal/imgView.do?ep=a5gb/CMEYLclIUPoWw9/DZpAzn2z8@sWTCNA5pR4wDVJMa3MKisJbFcLYsVJ2EASVJfVLXCV1eYyTFHg31nAnw!!,1,BS000000036941,BS000000036941_0.jpg
1769,,https://nongsaro.go.kr/portal/imgView.do?ep=a5gb/CMEYLclIUPoWw9/DZpAzn2z8@sWTCNA5pR4wDV8tB7Ai9QENlMJ/YaxIrloVJfVLXCV1eYyTFHg31nAnw!!,1,BS000000036935,BS000000036935_0.jpg
1768,,https://nongsaro.go.kr/portal/imgView.do?ep=a5gb/CMEYLclIUPoWw9/DZpAzn2z8@sWTCNA5pR4wDXbvMipGoc@BgTttK8ybJ1PVJfVLXCV1eYyTFHg31nAnw!!,1,BS000000036921,BS000000036921_0.jpg
1767,,https://nongsaro.go.kr/portal/imgView.do?ep=a5gb/CMEYLclIUPoWw9/DZpAzn2z8@sWTCNA5pR4wDVLa@6aqNyVfwEDfvWjNo7JVJfVLXCV1eYyTFHg31nAnw!!,1,BS000000036913,BS000000036913_0.jpg
1766,,https://nongsaro.go.kr/portal/imgView.do?ep=a5gb/CMEYLclIUPoWw9/DZpAzn2z8@sWTCNA5pR4wDWC8myqgEGfjRKMmctjjOHaVJfVLXCV1eYyTFHg31nAnw!!,1,BS000000036894,BS000000036894_0.jpg
1765,,https://nongsaro.go.kr/portal/imgView.do?ep=a5gb/CMEYLclIUPoWw9/DZpAzn2z8@sWTCNA5pR4wDVMs@CQD62Bhe81qOFLkw4NVJfVLXCV1eYyTFHg31nAnw!!,1,BS000000036847,BS000000036847_0.jpg
1764,,https://nongsaro.go.kr/portal/imgView.do?ep=a5gb/CMEYLclIUPoWw9/DZpAzn2z8@sWTCNA5pR4wDWIdknVAgJ1@C9UuhSmWtcrVJfVLXCV1eYyTFHg31nAnw!!,1,BS000000036839,BS000000036839_0.jpg
1763,,https://nongsaro.go.kr/portal/imgView.do?ep=a5gb/CMEYLclIUPoWw9/DZpAzn2z8@sWTCNA5pR4wDXChsxdEI55weMZoABqvTAoVJfVLXCV1eYyTFHg31nAnw!!,1,BS000000036779,BS000000036779_0.jpg
1762,,https://nongsaro.go.kr/portal/imgView.do?ep=a5gb/CMEYLclIUPoWw9/DZpAzn2z8@sWTCNA5pR4wDWPPQ/LvSamxpVTtK/T009rVJfVLXCV1eYyTFHg31nAnw!!,1,BS000000036735,BS000000036735_0.jpg
1761,,https://nongsaro.go.kr/portal/imgView.do?ep=a5gb/CMEYLclIUPoWw9/DZpAzn2z8@sWTCNA5pR4wDWmswsKrukHgxZ9/k23Z7UFVJfVLXCV1eYyTFHg31nAnw!!,1,BS000000036728,BS000000036728_0.jpg
1760,,https://nongsaro.go.kr/portal/imgView.do?ep=a5gb/CMEYLclIUPoWw9/DZpAzn2z8@sWTCNA5pR4wDWd1q7QxFJBPAiw4Vd19QtEVJfVLXCV1eYyTFHg31nAnw!!,1,BS000000036713,BS000000036713_0.jpg
1759,,https://nongsaro.go.kr/portal/imgView.do?ep=a5gb/CMEYLclIUPoWw9/DZpAzn2z8@sWTCNA5pR4wDUE2pvY5KdDrwPM4t6uD4r1VJfVLXCV1eYyTFHg31nAnw!!,1,BS000000036700,BS000000036700_0.jpg
1758,,https://nongsaro.go.kr/portal/imgView.do?ep=a5gb/CMEYLclIUPoWw9/DZpAzn2z8@sWTCNA5pR4wDXYzMW6ftmzSu@AsUVu48K4VJfVLXCV1eYyTFHg31nAnw!!,1,BS000000036688,BS000000036688_0.jpg
1757,,https://nongsaro.go.kr/portal/imgView.do?ep=a5gb/CMEYLclIUPoWw9/DZpAzn2z8@sWTCNA5pR4wDVC4cP3OKi3SVAVK/J5V0qwVJfVLXCV1eYyTFHg31nAnw!!,1,BS000000036664,BS000000036664_0.jpg
1756,,https://nongsaro.go.kr/portal/imgView.do?ep=a5gb/CMEYLclIUPoWw9/DZpAzn2z8@sWTCNA5pR4wDVE8pkxKy7O1u72v2Bmc2ntVJfVLXCV1eYyTFHg31nAnw!!,1,BS000000036649,BS000000036649_0.jpg
1755,,https://nongsaro.go.kr/portal/imgView.do?ep=a5gb/CMEYLclIUPoWw9/DZpAzn2z8@sWTCNA5pR4wDXIjbwD1IMDs88CmlIpyMiQVJfVLXCV1eYyTFHg31nAnw!!,1,BS000000036641,BS000000036641_0.jpg
1754,,https://nongsaro.go.kr/portal/imgView.do?ep=a5gb/CMEYLclIUPoWw9/DZpAzn2z8@sWTCNA5pR4wDXe@lXPxbh9eFUELmTAbvGFVJfVLXCV1eYyTFHg31nAnw!!,1,BS000000036630,BS000000036630_0.jpg
1753,,https://nongsaro.go.kr/portal/imgView.do?ep=a5gb/CMEYLclIUPoWw9/DZpAzn2z8@sWTCNA5pR4wDU4IbMwQEPQpqsIveJ2uGn8VJfVLXCV1eYyTFHg31nAnw!!,1,BS000000036622,BS000000036622_0.jpg
1752,,https://nongsaro.go.kr/portal/imgView.do?ep=a5gb/CMEYLclIUPoWw9/DZpAzn2z8@sWTCNA5pR4wDWdb6rdoNZDjn3f7UNs50SqVJfVLXCV1eYyTFHg31nAnw!!,1,BS000000036609,BS000000036609_0.jpg
1751,,https://nongsaro.go.kr/portal/imgView.do?ep=a5gb/CMEYLclIUPoWw9/DZpAzn2z8@sWTCNA5pR4wDU9pq6tU/e8fehRSNe8jLdWVJfVLXCV1eYyTFHg31nAnw!!,1,BS000000036603,BS000000036603_0.jpg
1750,,https://nongsaro.go.kr/portal/imgView.do?ep=a5gb/CMEYLclIUPoWw9/DZpAzn2z8@sWTCNA5pR4wDU9fTxTq5YVrheHmi4cc@exVJfVLXCV1eYyTFHg31nAnw!!,1,BS000000036573,BS000000036573_0.jpg
1749,,https://nongsaro.go.kr/portal/imgView.do?ep=a5gb/CMEYLclIUPoWw9/DZpAzn2z8@sWTCNA5pR4wDXHvasA8Ci1gdJymMwFastlVJfVLXCV1eYyTFHg31nAnw!!,1,BS000000036567,BS000000036567_0.jpg
1748,,https://nongsaro.go.kr/portal/imgView.do?ep=a5gb/CMEYLclIUPoWw9/DZpAzn2z8@sWTCNA5pR4wDUgz4NZeUCpvGrqrhUKdWuMVJfVLXCV1eYyTFHg31nAnw!!,1,BS000000036561,BS000000036561_0.jpg
1747,,https://nongsaro.go.kr/portal/imgView.do?ep=a5gb/CMEYLclIUPoWw9/DZpAzn2z8@sWTCNA5pR4wDXbc6jxftOyFwquVW8P95QaVJfVLXCV1eYyTFHg31nAnw!!,1,BS000000036547,BS000000036547_0.jpg
1746,,https://nongsaro.go.kr/portal/imgView.do?ep=a5gb/CMEYLclIUPoWw9/DZpAzn2z8@sWTCNA5pR4wDXJ27uzIQtzRK@UnbcCSCiMVJfVLXCV1eYyTFHg31nAnw!!,1,BS000000036530,BS000000036530_0.jpg
1745,,https://nongsaro.go.kr/portal/imgView.do?ep=a5gb/CMEYLclIUPoWw9/DZpAzn2z8@sWTCNA5pR4wDVihEcHc0Q1cimmXXcsMGqUVJfVLXCV1eYyTFHg31nAnw!!,1,BS000000036522,BS000000036522_0.jpg
1744,,https://nongsaro.go.kr/portal/imgView.do?ep=a5gb/CMEYLclIUPoWw9/DZpAzn2z8@sWTCNA5pR4wDUWALRLQjYiGkSyqynEivNmVJfVLXCV1eYyTFHg31nAnw!!,1,BS000000036511,BS000000036511_0.jpg
1743,,https://nongsaro.go.kr/portal/imgView.do?ep=a5gb/CMEYLclIUPoWw9/DZpAzn2z8@sWTCNA5pR4wDWF6/PjLJsMMOSRoURYqir@VJfVLXCV1eYyTFHg31nAnw!!,1,BS000000036504,BS000000036504_0.jpg
1742,,https://nongsaro.go.kr/portal/imgView.do?ep=a5gb/CMEYLclIUPoWw9/DZpAzn2z8@sWTCNA5pR4wDUIp5YBjZ23C2LTElGp/NEeVJfVLXCV1eYyTFHg31nAnw!!,1,BS000000036492,BS000000036492_0.jpg
1741,,https://nongsaro.go.kr/portal/imgView.do?ep=a5gb/CMEYLclIUPoWw9/DZpAzn2z8@sWTCNA5pR4wDVJdh/d0eOy5rY0fkFDBDFqVJfVLXCV1eYyTFHg31nAnw!!,1,BS000000036486,BS000000036486_0.jpg
1740,,https://nongsaro.go.kr/portal/imgView.do?ep=a5gb/CMEYLclIUPoWw9/DZpAzn2z8@sWTCNA5pR4wDW6qMxzmNB@Am/2kMehRJcJVJfVLXCV1eYyTFHg31nAnw!!,1,BS000000036463,BS000000036463_0.jpg
1739,,https://nongsaro.go.kr/portal/imgView.do?ep=a5gb/CMEYLclIUPoWw9/DZpAzn2z8@sWTCNA5pR4wDXwjA2ttqQmmKR1LBFg5FzpVJfVLXCV1eYyTFHg31nAnw!!,1,BS000000036457,BS000000036457_0.jpg
1738,,https://nongsaro.go.kr/portal/imgView.do?ep=a5gb/CMEYLclIUPoWw9/DZpAzn2z8@sWTCNA5pR4wDVfKB8m24EM@Hivwq9uJR7WVJfVLXCV1eYyTFHg31nAnw!!,1,BS000000036445,BS000000036445_0.jpg
1737,,https://nongsaro.go.kr/portal/imgView.do?ep=a5gb/CMEYLclIUPoWw9/DZpAzn2z8@sWTCNA5pR4wDV8u5fvqbIrwAdwZ7EMkQApVJfVLXCV1eYyTFHg31nAnw!!,1,BS000000036432,BS000000036432_0.jpg
1736,,https://nongsaro.go.kr/portal/imgView.do?ep=a5gb/CMEYLclIUPoWw9/DZpAzn2z8@sWTCNA5pR4wDX/4grIThuaa02NCnC6ZWpAVJfVLXCV1eYyTFHg31nAnw!!,1,BS000000036399,BS000000036399_0.jpg
1735,,https://nongsaro.go.kr/portal/imgView.do?ep=a5gb/CMEYLclIUPoWw9/DZpAzn2z8@sWTCNA5pR4wDWf1HwSSX2QtN51NgURGq3sVJfVLXCV1eYyTFHg31nAnw!!,1,BS000000036393,BS000000036393_0.jpg
1734,,https://nongsaro.go.kr/portal/imgView.do?ep=a5gb/CMEYLclIUPoWw9/DZpAzn2z8@sWTCNA5pR4wDUKoNZq92aUG2noO5w5rvQ4VJfVLXCV1eYyTFHg31nAnw!!,1,BS000000036377,BS000000036377_0.jpg
1733,,https://nongsaro.go.kr/portal/imgView.do?ep=a5gb/CMEYLclIUPoWw9/DZpAzn2z8@sWTCNA5pR4wDXyZUiwPim7RvixJFMIJIXyVJfVLXCV1eYyTFHg31nAnw!!,1,BS000000036369,BS000000036369_0.jpg
1732,,https://nongsaro.go.kr/portal/imgView.do?ep=a5gb/CMEYLclIUPoWw9/DZpAzn2z8@sWTCNA5pR4wDVcJVPeEsMq/0mMDtqRVNHKVJfVLXCV1eYyTFHg31nAnw!!,1,BS000000036363,BS000000036363_0.jpg
1731,,https://nongsaro.go.kr/portal/imgView.do?ep=a5gb/CMEYLclIUPoWw9/DZpAzn2z8@sWTCNA5pR4wDV4I3Ao9Wz4mjyDfhcj9AZtVJfVLXCV1eYyTFHg31nAnw!!,1,BS000000036353,BS000000036353_0.jpg
1730,,https://nongsaro.go.kr/portal/imgView.do?ep=a5gb/CMEYLclIUPoWw9/DZpAzn2z8@sWTCNA5pR4wDXSgNLN6Hp4n6uJnnNRILUMVJfVLXCV1eYyTFHg31nAnw!!,1,BS000000036006,BS000000036006_0.jpg
1729,,https://nongsaro.go.kr/portal/imgView.do?ep=a5gb/CMEYLclIUPoWw9/DZpAzn2z8@sWTCNA5pR4wDU8irVYknXBlvtA3keJeBFwVJfVLXCV1eYyTFHg31nAnw!!,1,BS000000036000,BS000000036000_0.jpg
1728,,https://nongsaro.go.kr/portal/imgView.do?ep=a5gb/CMEYLclIUPoWw9/DZpAzn2z8@sWTCNA5pR4wDWkt5Kfk6h2e@b@2/@uUfhKVJfVLXCV1eYyTFHg31nAnw!!,1,BS000000035992,BS000000035992_0.jpg
1727,,https://nongsaro.go.kr/portal/imgView.do?ep=a5gb/CMEYLclIUPoWw9/DZpAzn2z8@sWTCNA5pR4wDVX/M3uy15MS0fE6lAL9ufaVJfVLXCV1eYyTFHg31nAnw!!,1,BS000000035948,BS000000035948_0.jpg
1726,,https://nongsaro.go.kr/portal/imgView.do?ep=a5gb/CMEYLclIUPoWw9/DZpAzn2z8@sWTCNA5pR4wDXkgBOKyWrWy/TvOrkId1znVJfVLXCV1eYyTFHg31nAnw!!,1,BS000000035859,BS000000035859_0.jpg
1725,,https://nongsaro.go.kr/portal/imgView.do?ep=a5gb/CMEYLclIUPoWw9/DZpAzn2z8@sWTCNA5pR4wDUSwvZs@PXcEzB/M/v4aWAsVJfVLXCV1eYyTFHg31nAnw!!,1,BS000000035843,BS000000035843_0.jpg
1724,,https://nongsaro.go.kr/portal/imgView.do?ep=a5gb/CMEYLclIUPoWw9/DZpAzn2z8@sWTCNA5pR4wDV@/idq5ZDAW38Hvc7/oUreVJfVLXCV1eYyTFHg31nAnw!!,1,BS000000035825,BS000000035825_0.jpg
1723,,https://nongsaro.go.kr/portal/imgView.do?ep=a5gb/CMEYLclIUPoWw9/DZpAzn2z8@sWTCNA5pR4wDWpgo1KsByTjnhRJiLYkcw7VJfVLXCV1eYyTFHg31nAnw!!,1,BS000000035819,BS000000035819_0.jpg
1722,,https://nongsaro.go.kr/portal/imgView.do?ep=a5gb/CMEYLclIUPoWw9/DZpAzn2z8@sWTCNA5pR4wDXnZpgQUozAgqYtGzhZ318cVJfVLXCV1eYyTFHg31nAnw!!,1,BS000000035800,BS000000035800_0.jpg
1721,,https://nongsaro.go.kr/portal/imgView.do?ep=a5gb/CMEYLclIUPoWw9/DZpAzn2z8@sWTCNA5pR4wDWTEs0OcCBo3PXYndXWmhcSVJfVLXCV1eYyTFHg31nAnw!!,1,BS000000035794,BS000000035794_0.jpg
1720,,https://nongsaro.go.kr/portal/imgView.do?ep=a5gb/CMEYLclIUPoWw9/DZpAzn2z8@sWTCNA5pR4wDW7hX5QrHiDKLfxRq/xWtb5VJfVLXCV1eYyTFHg31nAnw!!,1,BS000000035733,BS000000035733_0.jpg
1719,,https://nongsaro.go.kr/portal/imgView.do?ep=a5gb/CMEYLclIUPoWw9/DZpAzn2z8@sWTCNA5pR4wDXdyJEmSOW6/FbXlCNS3PNVVJfVLXCV1eYyTFHg31nAnw!!,1,BS000000035681,BS000000035681_0.jpg
1718,,https://nongsaro.go.kr/portal/imgView.do?ep=a5gb/CMEYLclIUPoWw9/DZpAzn2z8@sWTCNA5pR4wDW@lZ/4zZbJOIbgmuKlkPCoVJfVLXCV1eYyTFHg31nAnw!!,1,BS000000035552,BS000000035552_0.jpg
1717,,https://nongsaro.go.kr/portal/imgView.do?ep=a5gb/CMEYLclIUPoWw9/DZpAzn2z8@sWTCNA5pR4wDX4uJ6lVQUikNHTy4QiW71KVJfVLXCV1eYyTFHg31nAnw!!,1,BS000000035542,BS000000035542_0.jpg
1716,,https://nongsaro.go.kr/portal/imgView.do?ep=a5gb/CMEYLclIUPoWw9/DZpAzn2z8@sWTCNA5pR4wDUXrX@03/15GsUE4BSdvOhYVJfVLXCV1eYyTFHg31nAnw!!,1,BS000000035536,BS000000035536_0.jpg
1714,,https://nongsaro.go.kr/portal/imgView.do?ep=a5gb/CMEYLclIUPoWw9/DZpAzn2z8@sWTCNA5pR4wDWNo4V6k7W8Th1kesZ4QhwEVJfVLXCV1eYyTFHg31nAnw!!,1,BS000000035193,BS000000035193_0.jpg
1713,,https://nongsaro.go.kr/portal/imgView.do?ep=a5gb/CMEYLclIUPoWw9/DZpAzn2z8@sWTCNA5pR4wDUyV7C@SHRiLM1@lI8AI2O9VJfVLXCV1eYyTFHg31nAnw!!,1,BS000000034827,BS000000034827_0.jpg
1712,,https://nongsaro.go.kr/portal/imgView.do?ep=a5gb/CMEYLclIUPoWw9/DZpAzn2z8@sWTCNA5pR4wDW7KjOB797Wqfxj71oJu0GBVJfVLXCV1eYyTFHg31nAnw!!,1,BS000000034821,BS000000034821_0.jpg
1711,,https://nongsaro.go.kr/portal/imgView.do?ep=a5gb/CMEYLclIUPoWw9/DZpAzn2z8@sWTCNA5pR4wDVZpUYDVmGPxnTzgM1g7ZE6r/BD1mimyxS24DCPRsGqxQ!!,1,BS000000034749,BS000000034749_1.jpg
1710,,https://nongsaro.go.kr/portal/imgView.do?ep=a5gb/CMEYLclIUPoWw9/DZpAzn2z8@sWTCNA5pR4wDXR8rk@rEZ8h8bz0Mnt3WzhVJfVLXCV1eYyTFHg31nAnw!!,1,BS000000034527,BS000000034527_0.jpg
1709,,https://nongsaro.go.kr/portal/imgView.do?ep=a5gb/CMEYLclIUPoWw9/DZpAzn2z8@sWTCNA5pR4wDVwc/MjActdJ@G@1PMo3ZFkVJfVLXCV1eYyTFHg31nAnw!!,1,BS000000034442,BS000000034442_0.jpg
1708,,https://nongsaro.go.kr/portal/imgView.do?ep=a5gb/CMEYLclIUPoWw9/DZpAzn2z8@sWTCNA5pR4wDVOnCkJopvSrN0DDTSqwuwsVJfVLXCV1eYyTFHg31nAnw!!,1,BS000000034436,BS000000034436_0.jpg
1707,,https://nongsaro.go.kr/portal/imgView.do?ep=a5gb/CMEYLclIUPoWw9/DZpAzn2z8@sWTCNA5pR4wDWXQFcrGRFqe5mtSto6UPIKVJfVLXCV1eYyTFHg31nAnw!!,1,BS000000034412,BS000000034412_0.jpg
1704,,https://nongsaro.go.kr/portal/imgView.do?ep=a5gb/CMEYLclIUPoWw9/DZpAzn2z8@sWTCNA5pR4wDVGCtbvgfTMPeiJLKayB289VJfVLXCV1eYyTFHg31nAnw!!,1,BS000000034281,BS000000034281_0.jpg
1703,,https://nongsaro.go.kr/portal/imgView.do?ep=a5gb/CMEYLclIUPoWw9/DZpAzn2z8@sWTCNA5pR4wDXIhwrtHfg6CeKu4276tDjYVJfVLXCV1eYyTFHg31nAnw!!,1,BS000000034274,BS000000034274_0.jpg
1702,,https://nongsaro.go.kr/portal/imgView.do?ep=a5gb/CMEYLclIUPoWw9/DZpAzn2z8@sWTCNA5pR4wDVKHYrQHa3F1Uk1wdifNrdMVJfVLXCV1eYyTFHg31nAnw!!,1,BS000000034255,BS000000034255_0.jpg
1701,,https://nongsaro.go.kr/portal/imgView.do?ep=a5gb/CMEYLclIUPoWw9/DZpAzn2z8@sWTCNA5pR4wDUF8iRxS67Y0n8yhq5QhaMIVJfVLXCV1eYyTFHg31nAnw!!,1,BS000000034233,BS000000034233_0.jpg
1700,,https://nongsaro.go.kr/portal/imgView.do?ep=a5gb/CMEYLclIUPoWw9/DZpAzn2z8@sWTCNA5pR4wDU54iSiZQpGgMTlvEUu@PAOVJfVLXCV1eYyTFHg31nAnw!!,1,BS000000034179,BS000000034179_0.jpg
1699,,https://nongsaro.go.kr/portal/imgView.do?ep=a5gb/CMEYLclIUPoWw9/DZpAzn2z8@sWTCNA5pR4wDXXyoc9r4@pq8j9z9/Vk/7uVJfVLXCV1eYyTFHg31nAnw!!,1,BS000000034160,BS000000034160_0.jpg
1697,,https://nongsaro.go.kr/portal/imgView.do?ep=a5gb/CMEYLclIUPoWw9/DZpAzn2z8@sWTCNA5pR4wDURBsQzl8Qd9meK66lIj/cyVJfVLXCV1eYyTFHg31nAnw!!,1,BS000000034099,BS000000034099_0.jpg
1696,,https://nongsaro.go.kr/portal/imgView.do?ep=a5gb/CMEYLclIUPoWw9/DZpAzn2z8@sWTCNA5pR4wDXBF1t2ieFXn6rwsPAC84SaVJfVLXCV1eYyTFHg31nAnw!!,1,BS000000034079,BS000000034079_0.jpg
1695,,https://nongsaro.go.kr/portal/imgView.do?ep=a5gb/CMEYLclIUPoWw9/DZpAzn2z8@sWTCNA5pR4wDURot8DWHhvQGylQBSvJ2yPVJfVLXCV1eYyTFHg31nAnw!!,1,BS000000034066,BS000000034066_0.jpg
1694,,https://nongsaro.go.kr/portal/imgView.do?ep=a5gb/CMEYLclIUPoWw9/DZpAzn2z8@sWTCNA5pR4wDUyHDaf@VREvE6h1wuBS1/KVJfVLXCV1eYyTFHg31nAnw!!,1,BS000000034036,BS000000034036_0.jpg
1692,,https://nongsaro.go.kr/portal/imgView.do?ep=a5gb/CMEYLclIUPoWw9/DZpAzn2z8@sWTCNA5pR4wDXNR5J1ta1a8@WSzGZNyNfwVJfVLXCV1eYyTFHg31nAnw!!,1,BS000000034013,BS000000034013_0.jpg
1691,,https://nongsaro.go.kr/portal/imgView.do?ep=a5gb/CMEYLclIUPoWw9/DZpAzn2z8@sWTCNA5pR4wDWP8mxyw/MuNL44vA2uMuU3VJfVLXCV1eYyTFHg31nAnw!!,1,BS000000034005,BS000000034005_0.jpg
1690,,https://nongsaro.go.kr/portal/imgView.do?ep=a5gb/CMEYLclIUPoWw9/DZpAzn2z8@sWTCNA5pR4wDU5eaF1kyRs/V45h0QoKMhCVJfVLXCV1eYyTFHg31nAnw!!,1,BS000000033971,BS000000033971_0.jpg
1689,,https://nongsaro.go.kr/portal/imgView.do?ep=a5gb/CMEYLclIUPoWw9/DZpAzn2z8@sWTCNA5pR4wDUn5tKtM2l0qJOpGTzIx@gNVJfVLXCV1eYyTFHg31nAnw!!,1,BS000000033964,BS000000033964_0.jpg
1688,,https://nongsaro.go.kr/portal/imgView.do?ep=a5gb/CMEYLclIUPoWw9/DZpAzn2z8@sWTCNA5pR4wDWjLwgjBWr5crcv8B1yG@1iVJfVLXCV1eYyTFHg31nAnw!!,1,BS000000033953,BS000000033953_0.jpg
1687,,https://nongsaro.go.kr/portal/imgView.do?ep=a5gb/CMEYLclIUPoWw9/DZpAzn2z8@sWTCNA5pR4wDUMeK@3HImVD0sSIq4f3mmoVJfVLXCV1eYyTFHg31nAnw!!,1,BS000000033932,BS000000033932_0.jpg
1686,,https://nongsaro.go.kr/portal/imgView.do?ep=a5gb/CMEYLclIUPoWw9/DZpAzn2z8@sWTCNA5pR4wDW0K@h0OpZ@EPLklBx5hM3bVJfVLXCV1eYyTFHg31nAnw!!,1,BS000000033916,BS000000033916_0.jpg
1685,,https://nongsaro.go.kr/portal/imgView.do?ep=a5gb/CMEYLclIUPoWw9/DZpAzn2z8@sWTCNA5pR4wDVu53HBy17SaJWibOaUFLRuVJfVLXCV1eYyTFHg31nAnw!!,1,BS000000033905,BS000000033905_0.jpg
1684,,https://nongsaro.go.kr/portal/imgView.do?ep=a5gb/CMEYLclIUPoWw9/DZpAzn2z8@sWTCNA5pR4wDUYLlRDR4Sa47bUGeEZvMbhr/BD1mimyxS24DCPRsGqxQ!!,1,BS000000033886,BS000000033886_1.jpg
1683,,https://nongsaro.go.kr/portal/imgView.do?ep=a5gb/CMEYLclIUPoWw9/DZpAzn2z8@sWTCNA5pR4wDUnEe1unc5gKdcUQTOn8JnQVJfVLXCV1eYyTFHg31nAnw!!,1,BS000000033870,BS000000033870_0.jpg
1681,,https://nongsaro.go.kr/portal/imgView.do?ep=a5gb/CMEYLclIUPoWw9/DZpAzn2z8@sWTCNA5pR4wDWOkY@r9CemN0mJFiBz77@MVJfVLXCV1eYyTFHg31nAnw!!,1,BS000000033837,BS000000033837_0.jpg
1680,,https://nongsaro.go.kr/portal/imgView.do?ep=a5gb/CMEYLclIUPoWw9/DZpAzn2z8@sWTCNA5pR4wDUo41VhSwo3tC1FU7oKqb7NVJfVLXCV1eYyTFHg31nAnw!!,1,BS000000033830,BS000000033830_0.jpg
1679,,https://nongsaro.go.kr/portal/imgView.do?ep=a5gb/CMEYLclIUPoWw9/DZpAzn2z8@sWTCNA5pR4wDWhkr8U44lRmM/pCBLyqA94VJfVLXCV1eYyTFHg31nAnw!!,1,BS000000033788,BS000000033788_0.jpg
1678,,https://nongsaro.go.kr/portal/imgView.do?ep=a5gb/CMEYLclIUPoWw9/DZpAzn2z8@sWTCNA5pR4wDUZQihOyTS8xvXyTSb6kIe3VJfVLXCV1eYyTFHg31nAnw!!,1,BS000000033696,BS000000033696_0.jpg
1677,,https://nongsaro.go.kr/portal/imgView.do?ep=a5gb/CMEYLclIUPoWw9/DZpAzn2z8@sWTCNA5pR4wDWUKr1uEsi/l2oQa8R7ob4WVJfVLXCV1eYyTFHg31nAnw!!,1,BS000000033688,BS000000033688_0.jpg
1676,,https://nongsaro.go.kr/portal/imgView.do?ep=a5gb/CMEYLclIUPoWw9/DZpAzn2z8@sWTCNA5pR4wDUYkTFcqAQlnBeDOINaeE6FVJfVLXCV1eYyTFHg31nAnw!!,1,BS000000033670,BS000000033670_0.jpg
1675,,https://nongsaro.go.kr/portal/imgView.do?ep=a5gb/CMEYLclIUPoWw9/DZpAzn2z8@sWTCNA5pR4wDWNoIiq2msURNMBGhuWGOxZVJfVLXCV1eYyTFHg31nAnw!!,1,BS000000033648,BS000000033648_0.jpg
1674,,https://nongsaro.go.kr/portal/imgView.do?ep=a5gb/CMEYLclIUPoWw9/DZpAzn2z8@sWTCNA5pR4wDVcTWYaJF0L0Anmv@jpslKFVJfVLXCV1eYyTFHg31nAnw!!,1,BS000000033627,BS000000033627_0.jpg
1673,,https://nongsaro.go.kr/portal/imgView.do?ep=a5gb/CMEYLclIUPoWw9/DZpAzn2z8@sWTCNA5pR4wDXXnf@b@PxXgBb0uuZ4hWrvVJfVLXCV1eYyTFHg31nAnw!!,1,BS000000033590,BS000000033590_0.jpg
1672,,https://nongsaro.go.kr/portal/imgView.do?ep=a5gb/CMEYLclIUPoWw9/DZpAzn2z8@sWTCNA5pR4wDUB7X4QgFfxnOWrRZksu8rnVJfVLXCV1eYyTFHg31nAnw!!,1,BS000000033566,BS000000033566_0.jpg
1671,,https://nongsaro.go.kr/portal/imgView.do?ep=a5gb/CMEYLclIUPoWw9/DZpAzn2z8@sWTCNA5pR4wDWx952Peni8N0JEdHw@aP7@VJfVLXCV1eYyTFHg31nAnw!!,1,BS000000033554,BS000000033554_0.jpg
1670,,https://nongsaro.go.kr/portal/imgView.do?ep=a5gb/CMEYLclIUPoWw9/DZpAzn2z8@sWTCNA5pR4wDUu6udGDo0YwZ92IZYF4GEbVJfVLXCV1eYyTFHg31nAnw!!,1,BS000000033539,BS000000033539_0.jpg
1669,,https://nongsaro.go.kr/portal/imgView.do?ep=a5gb/CMEYLclIUPoWw9/DZpAzn2z8@sWTCNA5pR4wDX12OhYhTUM4l3ik3fSiO4oVJfVLXCV1eYyTFHg31nAnw!!,1,BS000000033511,BS000000033511_0.jpg
1668,,https://nongsaro.go.kr/portal/imgView.do?ep=a5gb/CMEYLclIUPoWw9/DZpAzn2z8@sWTCNA5pR4wDX1cdX@vu/3BXmt8pN@4nTyVJfVLXCV1eYyTFHg31nAnw!!,1,BS000000033488,BS000000033488_0.jpg
1667,,https://nongsaro.go.kr/portal/imgView.do?ep=a5gb/CMEYLclIUPoWw9/DZpAzn2z8@sWTCNA5pR4wDW0dFq3iNjmHBPQX/Eq3OAOVJfVLXCV1eYyTFHg31nAnw!!,1,BS000000033468,BS000000033468_0.jpg
1666,,https://nongsaro.go.kr/portal/imgView.do?ep=a5gb/CMEYLclIUPoWw9/DZpAzn2z8@sWTCNA5pR4wDUpopyPy4DK0McF9Y8H6Pg4VJfVLXCV1eYyTFHg31nAnw!!,1,BS000000033455,BS000000033455_0.jpg
1665,,https://nongsaro.go.kr/portal/imgView.do?ep=a5gb/CMEYLclIUPoWw9/DZpAzn2z8@sWTCNA5pR4wDWSTRH9XkoQvalivFFX7ibxVJfVLXCV1eYyTFHg31nAnw!!,1,BS000000033441,BS000000033441_0.jpg
1664,,https://nongsaro.go.kr/portal/imgView.do?ep=a5gb/CMEYLclIUPoWw9/DZpAzn2z8@sWTCNA5pR4wDX9qYxwqnrLkkUxX3s9sryEVJfVLXCV1eYyTFHg31nAnw!!,1,BS000000033429,BS000000033429_0.jpg
1663,,https://nongsaro.go.kr/portal/imgView.do?ep=a5gb/CMEYLclIUPoWw9/DZpAzn2z8@sWTCNA5pR4wDV@uhGzBC6PmodAd0o5uD17VJfVLXCV1eYyTFHg31nAnw!!,1,BS000000033395,BS000000033395_0.jpg
1662,,https://nongsaro.go.kr/portal/imgView.do?ep=a5gb/CMEYLclIUPoWw9/DZpAzn2z8@sWTCNA5pR4wDWGhwRTpsOB/@@Ml7Gj/vYZVJfVLXCV1eYyTFHg31nAnw!!,1,BS000000033355,BS000000033355_0.jpg
1661,,https://nongsaro.go.kr/portal/imgView.do?ep=a5gb/CMEYLclIUPoWw9/DZpAzn2z8@sWTCNA5pR4wDXNdEXpje8hEwWn25QDqombVJfVLXCV1eYyTFHg31nAnw!!,1,BS000000033346,BS000000033346_0.jpg
1660,,https://nongsaro.go.kr/portal/imgView.do?ep=a5gb/CMEYLclIUPoWw9/DZpAzn2z8@sWTCNA5pR4wDWvYkdQ8gfXTyGlyep4mNKgr/BD1mimyxS24DCPRsGqxQ!!,1,BS000000033338,BS000000033338_1.jpg
1659,,https://nongsaro.go.kr/portal/imgView.do?ep=a5gb/CMEYLclIUPoWw9/DZpAzn2z8@sWTCNA5pR4wDXD@DfA3bny4gic@yS2s2CKVJfVLXCV1eYyTFHg31nAnw!!,1,BS000000033330,BS000000033330_0.jpg
1658,,https://nongsaro.go.kr/portal/imgView.do?ep=a5gb/CMEYLclIUPoWw9/DZpAzn2z8@sWTCNA5pR4wDWXCzRt/KMUlLfMsL0EK0LrVJfVLXCV1eYyTFHg31nAnw!!,1,BS000000033323,BS000000033323_0.jpg
1656,,https://nongsaro.go.kr/portal/imgView.do?ep=a5gb/CMEYLclIUPoWw9/DZpAzn2z8@sWTCNA5pR4wDXaXYB2unYhu1VLujPgsFNqVJfVLXCV1eYyTFHg31nAnw!!,1,BS000000033277,BS000000033277_0.jpg
1654,,https://nongsaro.go.kr/portal/imgView.do?ep=a5gb/CMEYLclIUPoWw9/DZpAzn2z8@sWTCNA5pR4wDWvz8DeyUbZ6eJWzXyX0mnwVJfVLXCV1eYyTFHg31nAnw!!,1,BS000000033110,BS000000033110_0.jpg
1653,,https://nongsaro.go.kr/portal/imgView.do?ep=a5gb/CMEYLclIUPoWw9/DZpAzn2z8@sWTCNA5pR4wDVi0O13ZgITK6TYtinhk@eAVJfVLXCV1eYyTFHg31nAnw!!,1,BS000000033087,BS000000033087_0.jpg
1652,,https://nongsaro.go.kr/portal/imgView.do?ep=a5gb/CMEYLclIUPoWw9/DZpAzn2z8@sWTCNA5pR4wDWnrfOZME@L2JiDDAx5Sm7QVJfVLXCV1eYyTFHg31nAnw!!,1,BS000000033067,BS000000033067_0.jpg
1651,,https://nongsaro.go.kr/portal/imgView.do?ep=a5gb/CMEYLclIUPoWw9/DZpAzn2z8@sWTCNA5pR4wDWXqPm9j4uTK@w0utJTCfrmVJfVLXCV1eYyTFHg31nAnw!!,1,BS000000033050,BS000000033050_0.jpg
1649,,https://nongsaro.go.kr/portal/imgView.do?ep=a5gb/CMEYLclIUPoWw9/DZpAzn2z8@sWTCNA5pR4wDVIjX5VXSF2MpL/Z/n4spu2VJfVLXCV1eYyTFHg31nAnw!!,1,BS000000033030,BS000000033030_0.jpg
1648,,https://nongsaro.go.kr/portal/imgView.do?ep=a5gb/CMEYLclIUPoWw9/DZpAzn2z8@sWTCNA5pR4wDUD3zdz0OozzFsbfVM63IdLVJfVLXCV1eYyTFHg31nAnw!!,1,BS000000033013,BS000000033013_0.jpg
1645,,https://nongsaro.go.kr/portal/imgView.do?ep=a5gb/CMEYLclIUPoWw9/DZpAzn2z8@sWTCNA5pR4wDWAEukM3bxlTvbyXTD08@8VVJfVLXCV1eYyTFHg31nAnw!!,1,BS000000032935,BS000000032935_0.jpg
1644,,https://nongsaro.go.kr/portal/imgView.do?ep=a5gb/CMEYLclIUPoWw9/DZpAzn2z8@sWTCNA5pR4wDWmK0/vk5xY807sVOSpOQxKVJfVLXCV1eYyTFHg31nAnw!!,1,BS000000032918,BS000000032918_0.jpg
1643,,https://nongsaro.go.kr/portal/imgView.do?ep=a5gb/CMEYLclIUPoWw9/DZpAzn2z8@sWTCNA5pR4wDVS8vuc8vfvwkMiCAqugLlEVJfVLXCV1eYyTFHg31nAnw!!,1,BS000000032909,BS000000032909_0.jpg
1641,,https://nongsaro.go.kr/portal/imgView.do?ep=a5gb/CMEYLclIUPoWw9/DZpAzn2z8@sWTCNA5pR4wDUAdhYzZH6yjt4gv42Xa0VKVJfVLXCV1eYyTFHg31nAnw!!,1,BS000000032888,BS000000032888_0.jpg
1640,,https://nongsaro.go.kr/portal/imgView.do?ep=a5gb/CMEYLclIUPoWw9/DZpAzn2z8@sWTCNA5pR4wDUOSSOFGbKPY3Asu1KvYlWxVJfVLXCV1eYyTFHg31nAnw!!,1,BS000000032880,BS000000032880_0.jpg
1639,,https://nongsaro.go.kr/portal/imgView.do?ep=a5gb/CMEYLclIUPoWw9/DZpAzn2z8@sWTCNA5pR4wDXx/oCbqtQOgMLF6wkcg6yZVJfVLXCV1eYyTFHg31nAnw!!,1,BS000000032865,BS000000032865_0.jpg
1638,,https://nongsaro.go.kr/portal/imgView.do?ep=a5gb/CMEYLclIUPoWw9/DZpAzn2z8@sWTCNA5pR4wDW7qJ6VA9IOvznYJNHn2ItCVJfVLXCV1eYyTFHg31nAnw!!,1,BS000000032852,BS000000032852_0.jpg
1636,,https://nongsaro.go.kr/portal/imgView.do?ep=a5gb/CMEYLclIUPoWw9/DZpAzn2z8@sWTCNA5pR4wDWHd903HBTQBrRXFo9hqNJSVJfVLXCV1eYyTFHg31nAnw!!,1,BS000000032840,BS000000032840_0.jpg
1635,,https://nongsaro.go.kr/portal/imgView.do?ep=a5gb/CMEYLclIUPoWw9/DZpAzn2z8@sWTCNA5pR4wDW1ONNbL@q0KhvY8l2xz4oxVJfVLXCV1eYyTFHg31nAnw!!,1,BS000000032833,BS000000032833_0.jpg
1634,,https://nongsaro.go.kr/portal/imgView.do?ep=a5gb/CMEYLclIUPoWw9/DZpAzn2z8@sWTCNA5pR4wDUM3zsD2aOtxUwCY2we04U8VJfVLXCV1eYyTFHg31nAnw!!,1,BS000000032823,BS000000032823_0.jpg
1633,,https://nongsaro.go.kr/portal/imgView.do?ep=a5gb/CMEYLclIUPoWw9/DZpAzn2z8@sWTCNA5pR4wDWAhr4G9ZhDCDR5WKu4yx3UM4Wr0O2GCVe5xk9xg53YuA!!,1,BS000000032808,BS000000032808_4.jpg
1631,,https://nongsaro.go.kr/portal/imgView.do?ep=a5gb/CMEYLclIUPoWw9/DZpAzn2z8@sWTCNA5pR4wDUcgItRYfCrHISU2QOTJ7F0r/BD1mimyxS24DCPRsGqxQ!!,1,BS000000032793,BS000000032793_1.jpg
1625,,https://nongsaro.go.kr/portal/imgView.do?ep=a5gb/CMEYLclIUPoWw9/DZpAzn2z8@sWTCNA5pR4wDVXiEfAcbR3ntscNw2A3kksVJfVLXCV1eYyTFHg31nAnw!!,1,BS000000032755,BS000000032755_0.jpg
1624,,https://nongsaro.go.kr/portal/imgView.do?ep=a5gb/CMEYLclIUPoWw9/DZpAzn2z8@sWTCNA5pR4wDXHkpXZPTyv4tvPkOsOzmzgVJfVLXCV1eYyTFHg31nAnw!!,1,BS000000032749,BS000000032749_0.jpg
1623,,https://nongsaro.go.kr/portal/imgView.do?ep=a5gb/CMEYLclIUPoWw9/DZpAzn2z8@sWTCNA5pR4wDV@002s8Ha7/a59EAAw3aedVJfVLXCV1eYyTFHg31nAnw!!,1,BS000000032728,BS000000032728_0.jpg
1622,,https://nongsaro.go.kr/portal/imgView.do?ep=a5gb/CMEYLclIUPoWw9/DZpAzn2z8@sWTCNA5pR4wDUarm2VPJKcIk59IH68mpIXVJfVLXCV1eYyTFHg31nAnw!!,1,BS000000032722,BS000000032722_0.jpg
1621,,https://nongsaro.go.kr/portal/imgView.do?ep=a5gb/CMEYLclIUPoWw9/DZpAzn2z8@sWTCNA5pR4wDVjLIa/PDLY1YUEVZUfSROTVJfVLXCV1eYyTFHg31nAnw!!,1,BS000000032638,BS000000032638_0.jpg
1619,,https://nongsaro.go.kr/portal/imgView.do?ep=a5gb/CMEYLclIUPoWw9/DZpAzn2z8@sWTCNA5pR4wDXdsrzcWRXH1KV8/9hVSmCvnM@PwCp/wIoz5K1zWGBVHg!!,1,BS000000032612,BS000000032612_3.jpg
1618,,https://nongsaro.go.kr/portal/imgView.do?ep=a5gb/CMEYLclIUPoWw9/DZpAzn2z8@sWTCNA5pR4wDX89p7ztHvHojdBjdO@HX58r/BD1mimyxS24DCPRsGqxQ!!,1,BS000000032576,BS000000032576_1.jpg
1617,,https://nongsaro.go.kr/portal/imgView.do?ep=a5gb/CMEYLclIUPoWw9/DZpAzn2z8@sWTCNA5pR4wDV7@0Bj87F3zBpfBSBo2Hurr/BD1mimyxS24DCPRsGqxQ!!,1,BS000000032564,BS000000032564_1.jpg
1616,,https://nongsaro.go.kr/portal/imgView.do?ep=a5gb/CMEYLclIUPoWw9/DZpAzn2z8@sWTCNA5pR4wDWB@MsjEyZvnbY2MmKXpxRzVJfVLXCV1eYyTFHg31nAnw!!,1,BS000000032550,BS000000032550_0.jpg
1615,,https://nongsaro.go.kr/portal/imgView.do?ep=a5gb/CMEYLclIUPoWw9/DZpAzn2z8@sWTCNA5pR4wDUNcKDwNuJfgCSrHL5G1WgsVJfVLXCV1eYyTFHg31nAnw!!,1,BS000000032541,BS000000032541_0.jpg
1614,,https://nongsaro.go.kr/portal/imgView.do?ep=a5gb/CMEYLclIUPoWw9/DZpAzn2z8@sWTCNA5pR4wDVgwcMU/@1U5gpg7wFTIZKsVJfVLXCV1eYyTFHg31nAnw!!,1,BS000000032482,BS000000032482_0.jpg
1613,,https://nongsaro.go.kr/portal/imgView.do?ep=a5gb/CMEYLclIUPoWw9/DZpAzn2z8@sWTCNA5pR4wDVg5SaSNL14SsxdVQSLdrZjVJfVLXCV1eYyTFHg31nAnw!!,1,BS000000032458,BS000000032458_0.jpg
1612,,https://nongsaro.go.kr/portal/imgView.do?ep=a5gb/CMEYLclIUPoWw9/DZpAzn2z8@sWTCNA5pR4wDVUXFxBUFqCbxT0m/zTdK@0VJfVLXCV1eYyTFHg31nAnw!!,1,BS000000032388,BS000000032388_0.jpg
1611,,https://nongsaro.go.kr/portal/imgView.do?ep=a5gb/CMEYLclIUPoWw9/DZpAzn2z8@sWTCNA5pR4wDUsZ5W4HrQtk31AbvZwxHgEVJfVLXCV1eYyTFHg31nAnw!!,1,BS000000032322,BS000000032322_0.jpg
1609,,https://nongsaro.go.kr/portal/imgView.do?ep=a5gb/CMEYLclIUPoWw9/DZpAzn2z8@sWTCNA5pR4wDUqWG1VntQmhTMmarpRAbZeVJfVLXCV1eYyTFHg31nAnw!!,1,BS000000032244,BS000000032244_0.jpg
1608,,https://nongsaro.go.kr/portal/imgView.do?ep=a5gb/CMEYLclIUPoWw9/DZpAzn2z8@sWTCNA5pR4wDVZElSpD9K7UQr/ognSFEvQVJfVLXCV1eYyTFHg31nAnw!!,1,BS000000032238,BS000000032238_0.jpg
1606,,https://nongsaro.go.kr/portal/imgView.do?ep=a5gb/CMEYLclIUPoWw9/DZpAzn2z8@sWTCNA5pR4wDV3Qi2p9DVolv8jFyEOfHVVVJfVLXCV1eYyTFHg31nAnw!!,1,BS000000032197,BS000000032197_0.jpg
1589,,https://nongsaro.go.kr/portal/imgView.do?ep=a5gb/CMEYLclIUPoWw9/DZpAzn2z8@sWTCNA5pR4wDVximxR99HpCQRsSai0v6T4VJfVLXCV1eYyTFHg31nAnw!!,1,BS000000032162,BS000000032162_0.jpg
1588,,https://nongsaro.go.kr/portal/imgView.do?ep=a5gb/CMEYLclIUPoWw9/DZpAzn2z8@sWTCNA5pR4wDWSrPlf98xTKJEwuYsN47d@VJfVLXCV1eYyTFHg31nAnw!!,1,BS000000032156,BS000000032156_0.jpg
