curationNo,curationNm,atchmnflGroupEsntlCodeOrtx,atchmnflUrl,linkUrl
2142,기계수확에 적합한 녹두 채흔 개발,BS000000045154,https://nongsaro.go.kr/portal/bsFileDownload.do?ep=a5gb/CMEYLclIUPoWw9/DZpAzn2z8@sWTCNA5pR4wDU7Q3AemripQt8UDdZRifwZVJfVLXCV1eYyTFHg31nAnw!!,
2141,밀 파종 늦었다면 이렇게 하세요!,BS000000045148,https://nongsaro.go.kr/portal/bsFileDownload.do?ep=a5gb/CMEYLclIUPoWw9/DZpAzn2z8@sWTCNA5pR4wDUngjqh@7ujrUIWvakRzy20VJfVLXCV1eYyTFHg31nAnw!!,
2140,국산 면용 밀 신품종 한면 소개,BS000000045142,https://nongsaro.go.kr/portal/bsFileDownload.do?ep=a5gb/CMEYLclIUPoWw9/DZpAzn2z8@sWTCNA5pR4wDWomuY1CZdcHHHhm/WVJ0eRVJfVLXCV1eYyTFHg31nAnw!!,
2139,저온기 시설재배 오이 검은별무늬병 피해 우려,BS000000045136,https://nongsaro.go.kr/portal/bsFileDownload.do?ep=a5gb/CMEYLclIUPoWw9/DZpAzn2z8@sWTCNA5pR4wDUMj/Cx9XfFCGOoMz9gXhs2VJfVLXCV1eYyTFHg31nAnw!!,
2138,당뇨고혈압 예방 최적 잡곡 혼합 비율 제시,BS000000045107,https://nongsaro.go.kr/portal/bsFileDownload.do?ep=a5gb/CMEYLclIUPoWw9/DZpAzn2z8@sWTCNA5pR4wDViouDLipGygG3AlC8VWn5cr/BD1mimyxS24DCPRsGqxQ!!,
2137,"겨울철 딸기, 지금부터 화분매개용 벌 지금부터 준비하세요!",BS000000045101,https://nongsaro.go.kr/portal/bsFileDownload.do?ep=a5gb/CMEYLclIUPoWw9/DZpAzn2z8@sWTCNA5pR4wDVbr9miHVUizJqM1I96ezY7VJfVLXCV1eYyTFHg31nAnw!!,
2136,수출농산물 농약안전사용 온라인에서 쉽게 찾아 본다,BS000000045095,https://nongsaro.go.kr/portal/bsFileDownload.do?ep=a5gb/CMEYLclIUPoWw9/DZpAzn2z8@sWTCNA5pR4wDWM5J8w8PXKqtQyLlATJ1F5VJfVLXCV1eYyTFHg31nAnw!!,
2135,오이 호박황화모자이크 바이러스 매개충 방제 피해 예방,BS000000045089,https://nongsaro.go.kr/portal/bsFileDownload.do?ep=a5gb/CMEYLclIUPoWw9/DZpAzn2z8@sWTCNA5pR4wDWDjqSSApGX2Kx8RzEoCrT9VJfVLXCV1eYyTFHg31nAnw!!,
2134,신동진 명성 이어갈 신동진1 품종 소개,BS000000045078,https://nongsaro.go.kr/portal/bsFileDownload.do?ep=a5gb/CMEYLclIUPoWw9/DZpAzn2z8@sWTCNA5pR4wDWk/upotZjjrWAQGYQ4V@bbr/BD1mimyxS24DCPRsGqxQ!!,
2133,아삭 쫀득 이색 단감으로 소비자 입맛 잡는다,BS000000045072,https://nongsaro.go.kr/portal/bsFileDownload.do?ep=a5gb/CMEYLclIUPoWw9/DZpAzn2z8@sWTCNA5pR4wDVZw7EDgwf5IMjblXMy@giYVJfVLXCV1eYyTFHg31nAnw!!,
2132,소비자 선택 넓히는 개성 만점 포도 본격 등장,BS000000045066,https://nongsaro.go.kr/portal/bsFileDownload.do?ep=a5gb/CMEYLclIUPoWw9/DZpAzn2z8@sWTCNA5pR4wDVxKX/cFD8oD@rHoci3D3R7r/BD1mimyxS24DCPRsGqxQ!!,
2131,토마토 시설재배 곰팡이병 발생초기 방제로 피해 예방,BS000000045043,https://nongsaro.go.kr/portal/bsFileDownload.do?ep=a5gb/CMEYLclIUPoWw9/DZpAzn2z8@sWTCNA5pR4wDVdNk7o9annmc/ZnfGhDuL7VJfVLXCV1eYyTFHg31nAnw!!,
2130,배추 무름병 확산우려 철저한 방제 필요,BS000000045037,https://nongsaro.go.kr/portal/bsFileDownload.do?ep=a5gb/CMEYLclIUPoWw9/DZpAzn2z8@sWTCNA5pR4wDVy0kL1uqHqW8ogiFAypUyOVJfVLXCV1eYyTFHg31nAnw!!,
2129,딸기 고슬 수직형 식물공장에서도 생산 가능,BS000000044991,https://nongsaro.go.kr/portal/bsFileDownload.do?ep=a5gb/CMEYLclIUPoWw9/DZpAzn2z8@sWTCNA5pR4wDWAKj4G4EEkUbE6LQsl9dt0VJfVLXCV1eYyTFHg31nAnw!!,
2128,관.배수통합 물관리 기술소개,BS000000044985,https://nongsaro.go.kr/portal/bsFileDownload.do?ep=a5gb/CMEYLclIUPoWw9/DZpAzn2z8@sWTCNA5pR4wDUWVPxvcbewXREFPwB5gkONVJfVLXCV1eYyTFHg31nAnw!!,
2127,간척지 이탈리안라이그라스와 사료피 이용 연중 생산,BS000000044979,https://nongsaro.go.kr/portal/bsFileDownload.do?ep=a5gb/CMEYLclIUPoWw9/DZpAzn2z8@sWTCNA5pR4wDUR1Lb20ZRd@RyktAV5ur7GVJfVLXCV1eYyTFHg31nAnw!!,
2125,오이 시설재배 주요 병해 피해 예방 철저히,BS000000044967,https://nongsaro.go.kr/portal/bsFileDownload.do?ep=a5gb/CMEYLclIUPoWw9/DZpAzn2z8@sWTCNA5pR4wDVf@YfFyy7PIipNiDjBo/IVr/BD1mimyxS24DCPRsGqxQ!!,
2124,딸기 점박이응애 발생 초기 방제로 피해 예방,BS000000044961,https://nongsaro.go.kr/portal/bsFileDownload.do?ep=a5gb/CMEYLclIUPoWw9/DZpAzn2z8@sWTCNA5pR4wDUhHKrREmAiviMy6TTvI/09VJfVLXCV1eYyTFHg31nAnw!!,
2123,가을철 벌무리 관리가 월동기 꿀벌 피해 확산 좌우!,BS000000044837,https://nongsaro.go.kr/portal/bsFileDownload.do?ep=a5gb/CMEYLclIUPoWw9/DZpAzn2z8@sWTCNA5pR4wDXhfqholLnrzIwkGMcUSprQr/BD1mimyxS24DCPRsGqxQ!!,
2122,"맥류, 기후 온난화에 따른 지역별 파종 적기 제시!",BS000000044831,https://nongsaro.go.kr/portal/bsFileDownload.do?ep=a5gb/CMEYLclIUPoWw9/DZpAzn2z8@sWTCNA5pR4wDUfqVsw6SVHlM1kKsqxD9HRVJfVLXCV1eYyTFHg31nAnw!!,
2121,"고올레산 땅콩, 이제 기계로 수확하세요!",BS000000044825,https://nongsaro.go.kr/portal/bsFileDownload.do?ep=a5gb/CMEYLclIUPoWw9/DZpAzn2z8@sWTCNA5pR4wDXBsyOMfsYpkBqevepb7VFir/BD1mimyxS24DCPRsGqxQ!!,
2120,토마토 반점위조바이러스(TSWV) 매개충 조기 방제로 피해 예방,BS000000044819,https://nongsaro.go.kr/portal/bsFileDownload.do?ep=a5gb/CMEYLclIUPoWw9/DZpAzn2z8@sWTCNA5pR4wDUDyqcf2kHNEoqIHP3MKdOCVJfVLXCV1eYyTFHg31nAnw!!,
2117,시설재배 일조량 감소에 따른 대응 방법,BS000000044797,https://nongsaro.go.kr/portal/bsFileDownload.do?ep=a5gb/CMEYLclIUPoWw9/DZpAzn2z8@sWTCNA5pR4wDXgtHZJAgjNvZeAF@Bv1b0cVJfVLXCV1eYyTFHg31nAnw!!,
2116,준고랭지 배추 9월에 수확 가능해요,BS000000044791,https://nongsaro.go.kr/portal/bsFileDownload.do?ep=a5gb/CMEYLclIUPoWw9/DZpAzn2z8@sWTCNA5pR4wDXo1TqW7q0JYL@IfKEgCWEcVJfVLXCV1eYyTFHg31nAnw!!,
2115,이모작용 콩 선유2호 밀식재배해야 좋아,BS000000044785,https://nongsaro.go.kr/portal/bsFileDownload.do?ep=a5gb/CMEYLclIUPoWw9/DZpAzn2z8@sWTCNA5pR4wDWrv1MRCV/lTW1XwLpj9yG6VJfVLXCV1eYyTFHg31nAnw!!,
2119,쪽파 주요 병해 조기 발견 적절한 방제 필요,BS000000044809,https://nongsaro.go.kr/portal/bsFileDownload.do?ep=a5gb/CMEYLclIUPoWw9/DZpAzn2z8@sWTCNA5pR4wDUDqNdXyf1Zhj7uT2fmeedbr/BD1mimyxS24DCPRsGqxQ!!,
2118,딸기 주요 곰팡이병 제때 방제로 피해 예방,BS000000044803,https://nongsaro.go.kr/portal/bsFileDownload.do?ep=a5gb/CMEYLclIUPoWw9/DZpAzn2z8@sWTCNA5pR4wDUeFMmf7Sg4UipO5Z5QrBktVJfVLXCV1eYyTFHg31nAnw!!,
2114,콤바인 수확이 가능한 참깨 품종 하니올 소개,BS000000044761,https://nongsaro.go.kr/portal/bsFileDownload.do?ep=a5gb/CMEYLclIUPoWw9/DZpAzn2z8@sWTCNA5pR4wDUyH9/Ck9736/VlPBnK6tE2zikZYGMo0Hz8ayNFiXs3DQ!!,
2113,마늘.양파 생산 전과정 기계화 기술,BS000000044755,https://nongsaro.go.kr/portal/bsFileDownload.do?ep=a5gb/CMEYLclIUPoWw9/DZpAzn2z8@sWTCNA5pR4wDWWJIZ9@sHlLUVK7np6mZPIVJfVLXCV1eYyTFHg31nAnw!!,
2112,오이 잿빛곰팡이병 피해예방 안정생산,BS000000044749,https://nongsaro.go.kr/portal/bsFileDownload.do?ep=a5gb/CMEYLclIUPoWw9/DZpAzn2z8@sWTCNA5pR4wDXq6lWJliQ3czW2v4I3dVADVJfVLXCV1eYyTFHg31nAnw!!,
2111,잎들깨 제때 병방제로 피해 예방,BS000000044743,https://nongsaro.go.kr/portal/bsFileDownload.do?ep=a5gb/CMEYLclIUPoWw9/DZpAzn2z8@sWTCNA5pR4wDW0gA6clHW22ssZaRDO5katVJfVLXCV1eYyTFHg31nAnw!!,
2110,추석에 먹을수 있는 우리 과일을 소개합니다,BS000000044731,https://nongsaro.go.kr/portal/bsFileDownload.do?ep=a5gb/CMEYLclIUPoWw9/DZpAzn2z8@sWTCNA5pR4wDUFpDVPMrptfW90KhT/q8xVVJfVLXCV1eYyTFHg31nAnw!!,
2109,환절기 딱 좋은 인삼 잘 고르는 방법 소개,BS000000044725,https://nongsaro.go.kr/portal/bsFileDownload.do?ep=a5gb/CMEYLclIUPoWw9/DZpAzn2z8@sWTCNA5pR4wDWtW0m2IhgSk2utUtWhy/UhVJfVLXCV1eYyTFHg31nAnw!!,
2108,사료가치 높은 사료작물 트리티케일 알아보기,BS000000044719,https://nongsaro.go.kr/portal/bsFileDownload.do?ep=a5gb/CMEYLclIUPoWw9/DZpAzn2z8@sWTCNA5pR4wDXwAMsNEOIRT0LfYOUbfValVJfVLXCV1eYyTFHg31nAnw!!,
2107,토마토퇴록바이러스 매개충 초기 방제로 피해 예방,BS000000044713,https://nongsaro.go.kr/portal/bsFileDownload.do?ep=a5gb/CMEYLclIUPoWw9/DZpAzn2z8@sWTCNA5pR4wDXvJHiZNVQflGSWS54bWw7kVJfVLXCV1eYyTFHg31nAnw!!,
2106,"배 데임, 터짐 피해 과실 수확 후 관리 기술",BS000000044697,https://nongsaro.go.kr/portal/bsFileDownload.do?ep=a5gb/CMEYLclIUPoWw9/DZpAzn2z8@sWTCNA5pR4wDXjm9o2Soh2A90CMIHRrHOBVJfVLXCV1eYyTFHg31nAnw!!,
2105,"수확 앞둔 과수원, 품질 관리 집중해야",BS000000044691,https://nongsaro.go.kr/portal/bsFileDownload.do?ep=a5gb/CMEYLclIUPoWw9/DZpAzn2z8@sWTCNA5pR4wDWnf6aMxo/B1fqzhPnYRK0NVJfVLXCV1eYyTFHg31nAnw!!,
2103,"고구마 잎, 잎자루  전통과 현대를 잇는 기능성 식재료 주목",BS000000044679,https://nongsaro.go.kr/portal/bsFileDownload.do?ep=a5gb/CMEYLclIUPoWw9/DZpAzn2z8@sWTCNA5pR4wDVtSCMPSdLoE5@QTaFnDE7Tr/BD1mimyxS24DCPRsGqxQ!!,
2102,"양파 시들음병, 육묘판 소독으로 예방",BS000000044673,https://nongsaro.go.kr/portal/bsFileDownload.do?ep=a5gb/CMEYLclIUPoWw9/DZpAzn2z8@sWTCNA5pR4wDUmAiYXXSNZtDIJvBJZDgg6nM@PwCp/wIoz5K1zWGBVHg!!,
2101,고품질 병해충 저항성 벼 품종 중원진미 개발,BS000000044667,https://nongsaro.go.kr/portal/bsFileDownload.do?ep=a5gb/CMEYLclIUPoWw9/DZpAzn2z8@sWTCNA5pR4wDVmOi/uoKuEUmqTBcwevuE0VJfVLXCV1eYyTFHg31nAnw!!,
2100,"마늘 주아 육묘기술 적용, 씨마늘 생산 방법 제시",BS000000044641,https://nongsaro.go.kr/portal/bsFileDownload.do?ep=a5gb/CMEYLclIUPoWw9/DZpAzn2z8@sWTCNA5pR4wDUhl7S4h1pMJaD2Zaa9olnPVJfVLXCV1eYyTFHg31nAnw!!,
2099,감귤 시설재배 시 과습에 의한 과피 장해 증상,BS000000044635,https://nongsaro.go.kr/portal/bsFileDownload.do?ep=a5gb/CMEYLclIUPoWw9/DZpAzn2z8@sWTCNA5pR4wDUrB2eANYgUexp/iP2OuVXCVJfVLXCV1eYyTFHg31nAnw!!,
2098,양파 저장과 저장 중 품질 변화 알아보기,BS000000044629,https://nongsaro.go.kr/portal/bsFileDownload.do?ep=a5gb/CMEYLclIUPoWw9/DZpAzn2z8@sWTCNA5pR4wDVuynIzxCSaQznNGUwGFWsWr/BD1mimyxS24DCPRsGqxQ!!,
2097,비래해충 혹명나방 제때 방제로 쌀 품질 향상,BS000000044622,https://nongsaro.go.kr/portal/bsFileDownload.do?ep=a5gb/CMEYLclIUPoWw9/DZpAzn2z8@sWTCNA5pR4wDUSLzVjlKHCwVTXXrIysdV9VJfVLXCV1eYyTFHg31nAnw!!,
2096,"논콩 생육 후기, 병해충 적기 방제 중요",BS000000044616,https://nongsaro.go.kr/portal/bsFileDownload.do?ep=a5gb/CMEYLclIUPoWw9/DZpAzn2z8@sWTCNA5pR4wDWoO9YGI@CgMYM2dj07jCzJVJfVLXCV1eYyTFHg31nAnw!!,
2095,폭염 속 여름배추 살리는 물 관리 기술,BS000000044602,https://nongsaro.go.kr/portal/bsFileDownload.do?ep=a5gb/CMEYLclIUPoWw9/DZpAzn2z8@sWTCNA5pR4wDX@zAqBLghJjIwYdUSDpLN0VJfVLXCV1eYyTFHg31nAnw!!,
2094,쪽파의 특성과 재배방법 소개,BS000000044596,https://nongsaro.go.kr/portal/bsFileDownload.do?ep=a5gb/CMEYLclIUPoWw9/DZpAzn2z8@sWTCNA5pR4wDXv/VVNFaNLImAFt8Qj48oKVJfVLXCV1eYyTFHg31nAnw!!,
2093,논콩 과습 피해 웃거름으로 줄이세요,BS000000044590,https://nongsaro.go.kr/portal/bsFileDownload.do?ep=a5gb/CMEYLclIUPoWw9/DZpAzn2z8@sWTCNA5pR4wDXVs5RMwc8jwxow1lpNvjHbVJfVLXCV1eYyTFHg31nAnw!!,
2092,사과 점박이응애 확산! 피해 우려 방제 해야,BS000000044584,https://nongsaro.go.kr/portal/bsFileDownload.do?ep=a5gb/CMEYLclIUPoWw9/DZpAzn2z8@sWTCNA5pR4wDUkrxT9DDQ6raWp25aHtg@DVJfVLXCV1eYyTFHg31nAnw!!,
2091,장미 주요 곰팡이병 예방 위주로 방제 중요,BS000000044578,https://nongsaro.go.kr/portal/bsFileDownload.do?ep=a5gb/CMEYLclIUPoWw9/DZpAzn2z8@sWTCNA5pR4wDVJUXTPHMGxu6DmWN/iyM4qVJfVLXCV1eYyTFHg31nAnw!!,
2090,인삼 고온 피해 줄이는 이중구조하우스 소개,BS000000044563,https://nongsaro.go.kr/portal/bsFileDownload.do?ep=a5gb/CMEYLclIUPoWw9/DZpAzn2z8@sWTCNA5pR4wDXKaF91uQboE4slJdKisG9Lr/BD1mimyxS24DCPRsGqxQ!!,
2089,건강 밥상 책임질 보리 신품종 소개 및 분양,BS000000044557,https://nongsaro.go.kr/portal/bsFileDownload.do?ep=a5gb/CMEYLclIUPoWw9/DZpAzn2z8@sWTCNA5pR4wDUQGgC2EAVXrRKbIJuyJ7NcVJfVLXCV1eYyTFHg31nAnw!!,
2088,폭염으로 인한 만생종 자두 생리장해 예방요령,BS000000044551,https://nongsaro.go.kr/portal/bsFileDownload.do?ep=a5gb/CMEYLclIUPoWw9/DZpAzn2z8@sWTCNA5pR4wDWxD6iHYm74lj5NkMrhZml2VJfVLXCV1eYyTFHg31nAnw!!,
2087,가을 수박 황화바이러스병 매개충 초기에 철저히 방제해야,BS000000044545,https://nongsaro.go.kr/portal/bsFileDownload.do?ep=a5gb/CMEYLclIUPoWw9/DZpAzn2z8@sWTCNA5pR4wDXXFGRRxfTXXs7aA66KRkGMVJfVLXCV1eYyTFHg31nAnw!!,
2086,고온기 고품질 파프리카생산은 이렇게 하세요,BS000000044533,https://nongsaro.go.kr/portal/bsFileDownload.do?ep=a5gb/CMEYLclIUPoWw9/DZpAzn2z8@sWTCNA5pR4wDWGrY9dY9tGTv6EWUUYJNMQVJfVLXCV1eYyTFHg31nAnw!!,
2085,알 차오르는 땅콩 성숙기 재배관리 요령 소개,BS000000044527,https://nongsaro.go.kr/portal/bsFileDownload.do?ep=a5gb/CMEYLclIUPoWw9/DZpAzn2z8@sWTCNA5pR4wDUBLkyRDsjxR2/aU445wOUbVJfVLXCV1eYyTFHg31nAnw!!,
2084,무더운 여름철 야생버섯 섭취 주의해 주세요!,BS000000044521,https://nongsaro.go.kr/portal/bsFileDownload.do?ep=a5gb/CMEYLclIUPoWw9/DZpAzn2z8@sWTCNA5pR4wDUEuginAqmu9DQ@/nl/7UNtVJfVLXCV1eYyTFHg31nAnw!!,
2083,콩잎 주요 병해 효과적인 방제,BS000000044515,https://nongsaro.go.kr/portal/bsFileDownload.do?ep=a5gb/CMEYLclIUPoWw9/DZpAzn2z8@sWTCNA5pR4wDV8j80Nta8qdZBjOPXYWP85VJfVLXCV1eYyTFHg31nAnw!!,
2082,포도 곰팡이병 발생 피해 주의,BS000000044509,https://nongsaro.go.kr/portal/bsFileDownload.do?ep=a5gb/CMEYLclIUPoWw9/DZpAzn2z8@sWTCNA5pR4wDXo6OV5CpUWu8FLlz6@SA@EVJfVLXCV1eYyTFHg31nAnw!!,
2080,여름철 고온기 과수 열매터짐 대비 관리 요령,BS000000044485,https://nongsaro.go.kr/portal/bsFileDownload.do?ep=a5gb/CMEYLclIUPoWw9/DZpAzn2z8@sWTCNA5pR4wDXxbqlQvRp5D82iVAFP/CHMzikZYGMo0Hz8ayNFiXs3DQ!!,
2079,이상고온 속 사과 일소 피해 방지 요령,BS000000044479,https://nongsaro.go.kr/portal/bsFileDownload.do?ep=a5gb/CMEYLclIUPoWw9/DZpAzn2z8@sWTCNA5pR4wDXoIOoosigmYfz4hMyCJPmRVJfVLXCV1eYyTFHg31nAnw!!,
2078,폭염 속 축사 냉방장치 효율적인 활용방법,BS000000044473,https://nongsaro.go.kr/portal/bsFileDownload.do?ep=a5gb/CMEYLclIUPoWw9/DZpAzn2z8@sWTCNA5pR4wDX7FKDQsD7pPDuXZqmq76TIr/BD1mimyxS24DCPRsGqxQ!!,
2081,토마토 녹응애 피해 우려 증상 살펴 방제,BS000000044493,https://nongsaro.go.kr/portal/bsFileDownload.do?ep=a5gb/CMEYLclIUPoWw9/DZpAzn2z8@sWTCNA5pR4wDUsBLxZNNUEMMkbfIT8I6ORVJfVLXCV1eYyTFHg31nAnw!!,
2075,사과 주요 병해충 생태 및 방제 요령,BS000000044152,https://nongsaro.go.kr/portal/bsFileDownload.do?ep=a5gb/CMEYLclIUPoWw9/DZpAzn2z8@sWTCNA5pR4wDXItiJW0W/vq4H/91o/7B91r/BD1mimyxS24DCPRsGqxQ!!,
2074,가루쌀 수발아 피해 몰리브덴비료로 줄인다,BS000000044146,https://nongsaro.go.kr/portal/bsFileDownload.do?ep=a5gb/CMEYLclIUPoWw9/DZpAzn2z8@sWTCNA5pR4wDUb6AZc7GBHw3NFkWkR/O/7VJfVLXCV1eYyTFHg31nAnw!!,
2073,여름철 대표 간식 황금 찰옥수수로 맛과 건강을 챙기세요,BS000000044140,https://nongsaro.go.kr/portal/bsFileDownload.do?ep=a5gb/CMEYLclIUPoWw9/DZpAzn2z8@sWTCNA5pR4wDXmhRkk5yyOOJyKzOcei37fVJfVLXCV1eYyTFHg31nAnw!!,
2077,"여름철 벼 안정생산, 병해관리 중요",BS000000044399,https://nongsaro.go.kr/portal/bsFileDownload.do?ep=a5gb/CMEYLclIUPoWw9/DZpAzn2z8@sWTCNA5pR4wDVSbeX7C2gWhjR9PFN7FpcZVJfVLXCV1eYyTFHg31nAnw!!,
2076,"논콩 관리, 병해충 적극적인 방제 필요",BS000000044391,https://nongsaro.go.kr/portal/bsFileDownload.do?ep=a5gb/CMEYLclIUPoWw9/DZpAzn2z8@sWTCNA5pR4wDVokBnWr3Dy5ffMAz54sJ3DM4Wr0O2GCVe5xk9xg53YuA!!,
2071,"수입 유박 대신, 국산 발효비료 활용 기술",BS000000043889,https://nongsaro.go.kr/portal/bsFileDownload.do?ep=a5gb/CMEYLclIUPoWw9/DZpAzn2z8@sWTCNA5pR4wDXgR3h8dAO7rMUExgUpLX2Wr/BD1mimyxS24DCPRsGqxQ!!,
2070,무밀기 양봉장에서 발생하는 도둑벌 관리법,BS000000043883,https://nongsaro.go.kr/portal/bsFileDownload.do?ep=a5gb/CMEYLclIUPoWw9/DZpAzn2z8@sWTCNA5pR4wDUisrS9KSBrSYml/4T8ItA0VJfVLXCV1eYyTFHg31nAnw!!,
2069,새만금간척지 “산업용 고구마” 재배,BS000000043877,https://nongsaro.go.kr/portal/bsFileDownload.do?ep=a5gb/CMEYLclIUPoWw9/DZpAzn2z8@sWTCNA5pR4wDW9FR/8@M7l8UauyyO7Vx1JVJfVLXCV1eYyTFHg31nAnw!!,
2068,벼멸구 비래 확인에 따라 피해예방을 위한 적극적인 예찰·방제 필요,BS000000043871,https://nongsaro.go.kr/portal/bsFileDownload.do?ep=a5gb/CMEYLclIUPoWw9/DZpAzn2z8@sWTCNA5pR4wDW6m0dxQUIfIpAWgvp@Wo1lr/BD1mimyxS24DCPRsGqxQ!!,
2072,"고추 주요 바이러스병 발생, 방제 해야",BS000000043939,https://nongsaro.go.kr/portal/bsFileDownload.do?ep=a5gb/CMEYLclIUPoWw9/DZpAzn2z8@sWTCNA5pR4wDXjALSWNQ4cJFXuzR2JbX8bVJfVLXCV1eYyTFHg31nAnw!!,
2067,여름철(고온기)원예.특용작물 관리 요령,BS000000043860,https://nongsaro.go.kr/portal/bsFileDownload.do?ep=a5gb/CMEYLclIUPoWw9/DZpAzn2z8@sWTCNA5pR4wDXLUGn/IRHZPQLhGZzE9EvIVJfVLXCV1eYyTFHg31nAnw!!,
2066,예쁜 추석사과 아리수 품질향상 방법 제시,BS000000043854,https://nongsaro.go.kr/portal/bsFileDownload.do?ep=a5gb/CMEYLclIUPoWw9/DZpAzn2z8@sWTCNA5pR4wDVJUOFz4sM0Wsl5@VE6B2l3r/BD1mimyxS24DCPRsGqxQ!!,
2065,여름철 스마트온실 폭염 피해 저감 기술,BS000000043848,https://nongsaro.go.kr/portal/bsFileDownload.do?ep=a5gb/CMEYLclIUPoWw9/DZpAzn2z8@sWTCNA5pR4wDUMgSAZ3VWQomsd9BmIxAg@VJfVLXCV1eYyTFHg31nAnw!!,
2064,"농업인 온열질환 예방 3대수칙(물,그늘,휴식) 지켜주세요",BS000000043840,https://nongsaro.go.kr/portal/bsFileDownload.do?ep=a5gb/CMEYLclIUPoWw9/DZpAzn2z8@sWTCNA5pR4wDXNskUmOwfWRM223lnWQxtFVJfVLXCV1eYyTFHg31nAnw!!,
2063,여름철 고추 재해 예방 및 대책,BS000000043834,https://nongsaro.go.kr/portal/bsFileDownload.do?ep=a5gb/CMEYLclIUPoWw9/DZpAzn2z8@sWTCNA5pR4wDWnEFyYdiSt9XCPWhILsMzVVJfVLXCV1eYyTFHg31nAnw!!,
2062,여름딸기 우량묘 생산을 위한 어미그루 관리 방법,BS000000043828,https://nongsaro.go.kr/portal/bsFileDownload.do?ep=a5gb/CMEYLclIUPoWw9/DZpAzn2z8@sWTCNA5pR4wDW446Z0SXZnbzc9AaLWn7piVJfVLXCV1eYyTFHg31nAnw!!,
2061,여름철 고추 3대 병해충 알아보기,BS000000043814,https://nongsaro.go.kr/portal/bsFileDownload.do?ep=a5gb/CMEYLclIUPoWw9/DZpAzn2z8@sWTCNA5pR4wDXzeNhRwYu16@14DLKo0Wa4VJfVLXCV1eYyTFHg31nAnw!!,
2060,인삼 고온 피해 예방 지금부터 해야,BS000000043808,https://nongsaro.go.kr/portal/bsFileDownload.do?ep=a5gb/CMEYLclIUPoWw9/DZpAzn2z8@sWTCNA5pR4wDUeXBZc5F7Cpgehyyf5nuJQr/BD1mimyxS24DCPRsGqxQ!!,
2059,여름철에 발생하는 옥수수 병과 방제법 소개,BS000000043802,https://nongsaro.go.kr/portal/bsFileDownload.do?ep=a5gb/CMEYLclIUPoWw9/DZpAzn2z8@sWTCNA5pR4wDWgTmeKJdQUP9eBiKSwFqjJVJfVLXCV1eYyTFHg31nAnw!!,
2058,여름철 폭염 가축 관리 이렇게 하세요!,BS000000043789,https://nongsaro.go.kr/portal/bsFileDownload.do?ep=a5gb/CMEYLclIUPoWw9/DZpAzn2z8@sWTCNA5pR4wDWKywZQF9QzlsrgJtHFr76hr/BD1mimyxS24DCPRsGqxQ!!,
2057,콩 안정 생산을 위한 생육 초기 관리 요령,BS000000043783,https://nongsaro.go.kr/portal/bsFileDownload.do?ep=a5gb/CMEYLclIUPoWw9/DZpAzn2z8@sWTCNA5pR4wDXMM4T3kB5JKGfXciXTtuFfr/BD1mimyxS24DCPRsGqxQ!!,
2056,여름철 빈 딸기 고설배드에 샐러드 상추 심어 보세요,BS000000043777,https://nongsaro.go.kr/portal/bsFileDownload.do?ep=a5gb/CMEYLclIUPoWw9/DZpAzn2z8@sWTCNA5pR4wDX60TOJQgKdjMPFTmojXe08M4Wr0O2GCVe5xk9xg53YuA!!,
2055,콩 용도별 품종 특성과 재배 유의사항 소개,BS000000043756,https://nongsaro.go.kr/portal/bsFileDownload.do?ep=a5gb/CMEYLclIUPoWw9/DZpAzn2z8@sWTCNA5pR4wDXa4bKVxxTX2cCuYmsDoFpcr/BD1mimyxS24DCPRsGqxQ!!,
2054,여름철 논 재배용 사료피 신품종 안내,BS000000043750,https://nongsaro.go.kr/portal/bsFileDownload.do?ep=a5gb/CMEYLclIUPoWw9/DZpAzn2z8@sWTCNA5pR4wDXsVK0en1/sEqWOutivnC5QVJfVLXCV1eYyTFHg31nAnw!!,
2053,화분 매개용 꿀벌 벌무리 6월에 집중생산 해야,BS000000043744,https://nongsaro.go.kr/portal/bsFileDownload.do?ep=a5gb/CMEYLclIUPoWw9/DZpAzn2z8@sWTCNA5pR4wDWmWnGXg2splBBD30b70WyfVJfVLXCV1eYyTFHg31nAnw!!,
2052,논 팥재배 핵심 기술 입니다,BS000000043729,https://nongsaro.go.kr/portal/bsFileDownload.do?ep=a5gb/CMEYLclIUPoWw9/DZpAzn2z8@sWTCNA5pR4wDWFkEg1206BDh5kQRno3Q5ar/BD1mimyxS24DCPRsGqxQ!!,
2051,박과작물 담배가루이 초기 방제가 중요,BS000000043723,https://nongsaro.go.kr/portal/bsFileDownload.do?ep=a5gb/CMEYLclIUPoWw9/DZpAzn2z8@sWTCNA5pR4wDVXPA/osa3h7tGtXdS4q8CAVJfVLXCV1eYyTFHg31nAnw!!,
2050,"초여름 단감 재배(꽃봉오리솎기,가지관리,병해충 방제) 요령",BS000000043717,https://nongsaro.go.kr/portal/bsFileDownload.do?ep=a5gb/CMEYLclIUPoWw9/DZpAzn2z8@sWTCNA5pR4wDVkauKODjG@3MQlpCSRn9GQVJfVLXCV1eYyTFHg31nAnw!!,
2049,가루쌀 철저한 육묘관리로 건강한 모 키우세요,BS000000043710,https://nongsaro.go.kr/portal/bsFileDownload.do?ep=a5gb/CMEYLclIUPoWw9/DZpAzn2z8@sWTCNA5pR4wDWA6NtgaCQC33f6t21P975/VJfVLXCV1eYyTFHg31nAnw!!,
2047,발생 빨라진 벼 이화명나방 적기방제 중요,BS000000043698,https://nongsaro.go.kr/portal/bsFileDownload.do?ep=a5gb/CMEYLclIUPoWw9/DZpAzn2z8@sWTCNA5pR4wDXPWPLQMDpAxMF6LIsuRw4ar/BD1mimyxS24DCPRsGqxQ!!,
2048,마늘 홍산 수확시기가 수확량 좌우,BS000000043704,https://nongsaro.go.kr/portal/bsFileDownload.do?ep=a5gb/CMEYLclIUPoWw9/DZpAzn2z8@sWTCNA5pR4wDUwJcfoziqb@igKWr7tkNjGVJfVLXCV1eYyTFHg31nAnw!!,
2046,옥수수 갉아 먹는 해충 미리 방제해야,BS000000043689,https://nongsaro.go.kr/portal/bsFileDownload.do?ep=a5gb/CMEYLclIUPoWw9/DZpAzn2z8@sWTCNA5pR4wDXtKlLWYY9TThIheFYBjScSVJfVLXCV1eYyTFHg31nAnw!!,
2045,인삼 해충 예방 관찰과 제때 방제가 중요,BS000000043683,https://nongsaro.go.kr/portal/bsFileDownload.do?ep=a5gb/CMEYLclIUPoWw9/DZpAzn2z8@sWTCNA5pR4wDXkZYkhRxtzmHvu/3CIqpgdVJfVLXCV1eYyTFHg31nAnw!!,
2044,대추 병해충 특성과 방제 요령입니다,BS000000043663,https://nongsaro.go.kr/portal/bsFileDownload.do?ep=a5gb/CMEYLclIUPoWw9/DZpAzn2z8@sWTCNA5pR4wDXcjPnZsieJSnan73Y2ECyuVJfVLXCV1eYyTFHg31nAnw!!,
2043,논 들깨 핵심 재배 기술 입니다.,BS000000043657,https://nongsaro.go.kr/portal/bsFileDownload.do?ep=a5gb/CMEYLclIUPoWw9/DZpAzn2z8@sWTCNA5pR4wDVitJ6aGfQf@YkJRMe9BZjdzikZYGMo0Hz8ayNFiXs3DQ!!,
2042,단호박 재배 기술을 소개합니다,BS000000043642,https://nongsaro.go.kr/portal/bsFileDownload.do?ep=a5gb/CMEYLclIUPoWw9/DZpAzn2z8@sWTCNA5pR4wDXM96eOPr1aa5wohWal@vqPVJfVLXCV1eYyTFHg31nAnw!!,
2041,배추 씨스트선충 피해 올바른 대처 방법,BS000000043636,https://nongsaro.go.kr/portal/bsFileDownload.do?ep=a5gb/CMEYLclIUPoWw9/DZpAzn2z8@sWTCNA5pR4wDUh9jKDHYpoQ@iJ0VLAJ5f1VJfVLXCV1eYyTFHg31nAnw!!,
2040,논 재배 전략작물 핵심 재배 기술입니다,BS000000043627,https://nongsaro.go.kr/portal/bsFileDownload.do?ep=a5gb/CMEYLclIUPoWw9/DZpAzn2z8@sWTCNA5pR4wDWHuC0uITVV/apJ1hQ51RUhr/BD1mimyxS24DCPRsGqxQ!!,
2039,마늘 주아재배기술 알아보기,BS000000043621,https://nongsaro.go.kr/portal/bsFileDownload.do?ep=a5gb/CMEYLclIUPoWw9/DZpAzn2z8@sWTCNA5pR4wDVKz6zduO@I4yGLg4pZ7AW2VJfVLXCV1eYyTFHg31nAnw!!,
2036,친환경농업 잡초 방제용 왕우렁이 안전 활용 방법을 소개 합니다.,BS000000043603,https://nongsaro.go.kr/portal/bsFileDownload.do?ep=a5gb/CMEYLclIUPoWw9/DZpAzn2z8@sWTCNA5pR4wDWoFKq3CvFHt7eyzCKNOz4lVJfVLXCV1eYyTFHg31nAnw!!,
2038,"사과 품종별 꽃피는 시기, 특성알아보기",BS000000043615,https://nongsaro.go.kr/portal/bsFileDownload.do?ep=a5gb/CMEYLclIUPoWw9/DZpAzn2z8@sWTCNA5pR4wDVaYVdPyIU52mgrQiTkHerVVJfVLXCV1eYyTFHg31nAnw!!,
2037,벼 마른논 써레질 이앙 방식 친환경 효과 크다,BS000000043609,https://nongsaro.go.kr/portal/bsFileDownload.do?ep=a5gb/CMEYLclIUPoWw9/DZpAzn2z8@sWTCNA5pR4wDXNeMt5biFWOkLUUQKAhEPoVJfVLXCV1eYyTFHg31nAnw!!,
2035,“망고” 화분매개용 벌 이용 기술 개발 소개,BS000000043591,https://nongsaro.go.kr/portal/bsFileDownload.do?ep=a5gb/CMEYLclIUPoWw9/DZpAzn2z8@sWTCNA5pR4wDVAJdQ0@QxuhjHNq1ka18wrVJfVLXCV1eYyTFHg31nAnw!!,
2034,"배,핵과류 깍지벌레 방제는 4월중순부터 시작 해야",BS000000043585,https://nongsaro.go.kr/portal/bsFileDownload.do?ep=a5gb/CMEYLclIUPoWw9/DZpAzn2z8@sWTCNA5pR4wDUP3XtxaJJHEhiwYbgcZPTNVJfVLXCV1eYyTFHg31nAnw!!,
2033,"맥류 붉은곰팡이병, 흰가루병 적기 방제가 중요",BS000000043575,https://nongsaro.go.kr/portal/bsFileDownload.do?ep=a5gb/CMEYLclIUPoWw9/DZpAzn2z8@sWTCNA5pR4wDV@kTuN8KeOVUttnXXl98N@VJfVLXCV1eYyTFHg31nAnw!!,
2032,논 인삼재배 예정지 토양 관리 방법 제시,BS000000043569,https://nongsaro.go.kr/portal/bsFileDownload.do?ep=a5gb/CMEYLclIUPoWw9/DZpAzn2z8@sWTCNA5pR4wDWw086Chrzk3GohQaw@fFXZVJfVLXCV1eYyTFHg31nAnw!!,
2031,성공적인 벼농사 우량종자와 철저한 종자소독으로 시작!,BS000000043562,https://nongsaro.go.kr/portal/bsFileDownload.do?ep=a5gb/CMEYLclIUPoWw9/DZpAzn2z8@sWTCNA5pR4wDWSkGLsv6vBtagY1DTJC9ylzikZYGMo0Hz8ayNFiXs3DQ!!,
2030,고추 노지 조숙재배 아주심기 요령,BS000000043556,https://nongsaro.go.kr/portal/bsFileDownload.do?ep=a5gb/CMEYLclIUPoWw9/DZpAzn2z8@sWTCNA5pR4wDVfuMCuk/TmL3WbzsXGugXZr/BD1mimyxS24DCPRsGqxQ!!,
2029,"고구마(호풍미,소담미) 아주심기 방법 소개",BS000000043548,https://nongsaro.go.kr/portal/bsFileDownload.do?ep=a5gb/CMEYLclIUPoWw9/DZpAzn2z8@sWTCNA5pR4wDUhQndDwLGO2M@k1mY4y0f2VJfVLXCV1eYyTFHg31nAnw!!,
2028,중.북부지역 밭작물 소득형 작부체계 제시!,BS000000043542,https://nongsaro.go.kr/portal/bsFileDownload.do?ep=a5gb/CMEYLclIUPoWw9/DZpAzn2z8@sWTCNA5pR4wDU59PUveCuIiAn7pm78lCvrVJfVLXCV1eYyTFHg31nAnw!!,
2027,고랭지 배추 반쪽시들음병 방제는 이렇게,BS000000043536,https://nongsaro.go.kr/portal/bsFileDownload.do?ep=a5gb/CMEYLclIUPoWw9/DZpAzn2z8@sWTCNA5pR4wDX2jRmCwTfzEDisLiNKBIdAVJfVLXCV1eYyTFHg31nAnw!!,
2026,여왕벌 세대교체 양봉농가 생산성 높인다.,BS000000043515,https://nongsaro.go.kr/portal/bsFileDownload.do?ep=a5gb/CMEYLclIUPoWw9/DZpAzn2z8@sWTCNA5pR4wDVxlYOOhFpN6VSDwFW8Zcg4VJfVLXCV1eYyTFHg31nAnw!!,
2025,시설채소 바이러스병 예방 관리 요령,BS000000043509,https://nongsaro.go.kr/portal/bsFileDownload.do?ep=a5gb/CMEYLclIUPoWw9/DZpAzn2z8@sWTCNA5pR4wDX4lsN8o6IAahqD8FgOD4FeVJfVLXCV1eYyTFHg31nAnw!!,
2022,"구제역 증상, 예방접종, 방역관리 요령",BS000000043465,https://nongsaro.go.kr/portal/bsFileDownload.do?ep=a5gb/CMEYLclIUPoWw9/DZpAzn2z8@sWTCNA5pR4wDVEnULc/lQ0Fqm8JqCurL5TVJfVLXCV1eYyTFHg31nAnw!!,
2024,"중.북부지역 벼 수발아, 이렇게 예방 하세요",BS000000043482,https://nongsaro.go.kr/portal/bsFileDownload.do?ep=a5gb/CMEYLclIUPoWw9/DZpAzn2z8@sWTCNA5pR4wDVHxl2YcJ4bIgJVk0Cw4eWsVJfVLXCV1eYyTFHg31nAnw!!,
2023,사료용 옥수수 재배관리는 이렇게!,BS000000043476,https://nongsaro.go.kr/portal/bsFileDownload.do?ep=a5gb/CMEYLclIUPoWw9/DZpAzn2z8@sWTCNA5pR4wDW26pQ8RXjpg2aCQkhwIpkJr/BD1mimyxS24DCPRsGqxQ!!,
2020,최근 개발한 우리 과일 품종을 소개합니다,BS000000043447,https://nongsaro.go.kr/portal/bsFileDownload.do?ep=a5gb/CMEYLclIUPoWw9/DZpAzn2z8@sWTCNA5pR4wDVMBZN6z6PmD6vuy4AbXHYmVJfVLXCV1eYyTFHg31nAnw!!,
2021,토마토뿔나방 친환경관리 기술,BS000000043453,https://nongsaro.go.kr/portal/bsFileDownload.do?ep=a5gb/CMEYLclIUPoWw9/DZpAzn2z8@sWTCNA5pR4wDVlo7CiwGUkH4bZ7K9H5JT9VJfVLXCV1eYyTFHg31nAnw!!,
2019,안정적인 배 농사 시작 꽃가루 공급용 배나무 심으세요!,BS000000042998,https://nongsaro.go.kr/portal/bsFileDownload.do?ep=a5gb/CMEYLclIUPoWw9/DZpAzn2z8@sWTCNA5pR4wDWYeacUZ8xb88Eq/iKjgjrWr/BD1mimyxS24DCPRsGqxQ!!,
2018,생육재생기 마늘.양파 안정 생산 관리 요령,BS000000042981,https://nongsaro.go.kr/portal/bsFileDownload.do?ep=a5gb/CMEYLclIUPoWw9/DZpAzn2z8@sWTCNA5pR4wDW2kvx5Ts4lrCA@IlLbhoUDzikZYGMo0Hz8ayNFiXs3DQ!!,
2016,봄철 꿀벌관리 한해 양봉농사 좌우한다!,BS000000042952,https://nongsaro.go.kr/portal/bsFileDownload.do?ep=a5gb/CMEYLclIUPoWw9/DZpAzn2z8@sWTCNA5pR4wDUSxGau84ZeBy6R822sPYGhVJfVLXCV1eYyTFHg31nAnw!!,
2017,수확량 많고 병에 강한 신품종 참깨 “영웅”을 심어 보세요!,BS000000042958,https://nongsaro.go.kr/portal/bsFileDownload.do?ep=a5gb/CMEYLclIUPoWw9/DZpAzn2z8@sWTCNA5pR4wDVBHpi4zoK0Xp69DvKrdh21VJfVLXCV1eYyTFHg31nAnw!!,
2015,온실 난방비 뚝  에어로겔 다겹보온커튼으로 한파 걱정 끝!,BS000000042946,https://nongsaro.go.kr/portal/bsFileDownload.do?ep=a5gb/CMEYLclIUPoWw9/DZpAzn2z8@sWTCNA5pR4wDVn1sYseSWynRDRNnNFJdEtVJfVLXCV1eYyTFHg31nAnw!!,
2014,주요 원예작물 - 농작업 일정  디지털 재배력이 나왔어요,BS000000042940,https://nongsaro.go.kr/portal/bsFileDownload.do?ep=a5gb/CMEYLclIUPoWw9/DZpAzn2z8@sWTCNA5pR4wDWrYPXLa71hzcTnDKyE6uNJr/BD1mimyxS24DCPRsGqxQ!!,
2012,시설감자 안전한 겨울나기 재배기술,BS000000042928,https://nongsaro.go.kr/portal/bsFileDownload.do?ep=a5gb/CMEYLclIUPoWw9/DZpAzn2z8@sWTCNA5pR4wDVQQo3HWDVUgg1NbN/2LscNVJfVLXCV1eYyTFHg31nAnw!!,
2011,과수화상병 확산 막는 첫 단추 겨울철 과수 궤양 제거부터,BS000000042922,https://nongsaro.go.kr/portal/bsFileDownload.do?ep=a5gb/CMEYLclIUPoWw9/DZpAzn2z8@sWTCNA5pR4wDX/rU1mDeZNtKSBTLSQUM06zikZYGMo0Hz8ayNFiXs3DQ!!,
2010,딸기 수확 후 관리 요령,BS000000042817,https://nongsaro.go.kr/portal/bsFileDownload.do?ep=a5gb/CMEYLclIUPoWw9/DZpAzn2z8@sWTCNA5pR4wDWIMSHNImfNjAI01QF01KNOzikZYGMo0Hz8ayNFiXs3DQ!!,
2008,토마토 과실에 나타나는 생리장해 알아보기,BS000000042802,https://nongsaro.go.kr/portal/bsFileDownload.do?ep=a5gb/CMEYLclIUPoWw9/DZpAzn2z8@sWTCNA5pR4wDVcmn4orqpnJtOgzwOFwcqxVJfVLXCV1eYyTFHg31nAnw!!,
2009,과수화상병 전문가 상담 앱 개발로 조기 발견 시대 열려,BS000000042810,https://nongsaro.go.kr/portal/bsFileDownload.do?ep=a5gb/CMEYLclIUPoWw9/DZpAzn2z8@sWTCNA5pR4wDU3EPWigexjJ5k4Tm7TjMExVJfVLXCV1eYyTFHg31nAnw!!,
2007,딸기 주요 생리장해에 대해 알아 볼까요?,BS000000042796,https://nongsaro.go.kr/portal/bsFileDownload.do?ep=a5gb/CMEYLclIUPoWw9/DZpAzn2z8@sWTCNA5pR4wDUT6DRee9aOaTsWxz6qxryKr/BD1mimyxS24DCPRsGqxQ!!,
2006,오이 과실에 나타나는 생리장해 원인과 대책,BS000000042786,https://nongsaro.go.kr/portal/bsFileDownload.do?ep=a5gb/CMEYLclIUPoWw9/DZpAzn2z8@sWTCNA5pR4wDUiJQoO9sUX6mDcZIVOSsa4VJfVLXCV1eYyTFHg31nAnw!!,
2005,시설재배 감귤(만감류) 추위 대비 적정 온.습도 관리로 품질 유지,BS000000042723,https://nongsaro.go.kr/portal/bsFileDownload.do?ep=a5gb/CMEYLclIUPoWw9/DZpAzn2z8@sWTCNA5pR4wDWxrGCW818vmthNiUqmmFADVJfVLXCV1eYyTFHg31nAnw!!,
2004,약용작물 안전한 겨울나기 요령,BS000000042706,https://nongsaro.go.kr/portal/bsFileDownload.do?ep=a5gb/CMEYLclIUPoWw9/DZpAzn2z8@sWTCNA5pR4wDXLRGOdxrnzVLVWCYvAEQQQVJfVLXCV1eYyTFHg31nAnw!!,
2003,겨울철 양돈농가가 지켜야할 돼지관리 요령,BS000000042573,https://nongsaro.go.kr/portal/bsFileDownload.do?ep=a5gb/CMEYLclIUPoWw9/DZpAzn2z8@sWTCNA5pR4wDVzKGmIRtqAzFcHSQRKdLZCVJfVLXCV1eYyTFHg31nAnw!!,
2002,겨울철 시설하우스 환경관리는 이렇게 하세요,BS000000042563,https://nongsaro.go.kr/portal/bsFileDownload.do?ep=a5gb/CMEYLclIUPoWw9/DZpAzn2z8@sWTCNA5pR4wDU9b1Y61W3aDgEyPA3HKLrSVJfVLXCV1eYyTFHg31nAnw!!,
2001,늦게 심은 밀·보리 월동 관리는 이렇게 하세요,BS000000042540,https://nongsaro.go.kr/portal/bsFileDownload.do?ep=a5gb/CMEYLclIUPoWw9/DZpAzn2z8@sWTCNA5pR4wDWezxDCrwhf2FJRxQ91SCrkVJfVLXCV1eYyTFHg31nAnw!!,
2000,마늘 안정생산을 위한 월동관리 요령,BS000000042498,https://nongsaro.go.kr/portal/bsFileDownload.do?ep=a5gb/CMEYLclIUPoWw9/DZpAzn2z8@sWTCNA5pR4wDXcCykkfCdj3mwoNU5RHErKVJfVLXCV1eYyTFHg31nAnw!!,
1999,"오이 촉성,반촉성재배 육묘 및 정식 요령",BS000000042462,https://nongsaro.go.kr/portal/bsFileDownload.do?ep=a5gb/CMEYLclIUPoWw9/DZpAzn2z8@sWTCNA5pR4wDX5fAFt8yXm77ZZM9hZOJtrr/BD1mimyxS24DCPRsGqxQ!!,
1995,약용작물 적기 수확 및 건조 방법,BS000000042366,https://nongsaro.go.kr/portal/bsFileDownload.do?ep=a5gb/CMEYLclIUPoWw9/DZpAzn2z8@sWTCNA5pR4wDWe6g3RFfvdJQXxOozehz/Hr/BD1mimyxS24DCPRsGqxQ!!,
1998,잎쪽파 주요 발생 병해충 방제 요령,BS000000042405,https://nongsaro.go.kr/portal/bsFileDownload.do?ep=a5gb/CMEYLclIUPoWw9/DZpAzn2z8@sWTCNA5pR4wDUUU0mdq3K5S2bO5d0gTqVWVJfVLXCV1eYyTFHg31nAnw!!,
1997,배 데임·터짐 피해 과실 사후 관리 요령,BS000000042392,https://nongsaro.go.kr/portal/bsFileDownload.do?ep=a5gb/CMEYLclIUPoWw9/DZpAzn2z8@sWTCNA5pR4wDXJso5gJzCyOmLRxnB9s7PfVJfVLXCV1eYyTFHg31nAnw!!,
1996,단감 수확 후 관리 요령,BS000000042376,https://nongsaro.go.kr/portal/bsFileDownload.do?ep=a5gb/CMEYLclIUPoWw9/DZpAzn2z8@sWTCNA5pR4wDWBYYUywpW5mHvPTekuhY11VJfVLXCV1eYyTFHg31nAnw!!,
1994,"고품질 과일 생산을 위한 가을철 과수원(사과,배,감귤,단감) 관리 요령",BS000000042351,https://nongsaro.go.kr/portal/bsFileDownload.do?ep=a5gb/CMEYLclIUPoWw9/DZpAzn2z8@sWTCNA5pR4wDWrpfQfxu@E4B/A/W58PxxEVJfVLXCV1eYyTFHg31nAnw!!,
1993,딸기 촉성재배 아주심기와 초기관리 요령,BS000000042312,https://nongsaro.go.kr/portal/bsFileDownload.do?ep=a5gb/CMEYLclIUPoWw9/DZpAzn2z8@sWTCNA5pR4wDUgGyr2L4DNaNa@Ybx2hvzZr/BD1mimyxS24DCPRsGqxQ!!,
1992,씨마늘 준비 및 소독 파종 요령,BS000000042298,https://nongsaro.go.kr/portal/bsFileDownload.do?ep=a5gb/CMEYLclIUPoWw9/DZpAzn2z8@sWTCNA5pR4wDWEnWc/IQWa6TM@PJWeYpF9r/BD1mimyxS24DCPRsGqxQ!!,
1991,스마트 온실 딸기 농사 시작은 이렇게,BS000000042292,https://nongsaro.go.kr/portal/bsFileDownload.do?ep=a5gb/CMEYLclIUPoWw9/DZpAzn2z8@sWTCNA5pR4wDXO48SRyVT/EPZOeaQPmAztVJfVLXCV1eYyTFHg31nAnw!!,
1990,"가을배추, 무 아주심기 및 재배 관리 요령",BS000000042228,https://nongsaro.go.kr/portal/bsFileDownload.do?ep=a5gb/CMEYLclIUPoWw9/DZpAzn2z8@sWTCNA5pR4wDUDb/sDBmawiMmVtG73FdQ8VJfVLXCV1eYyTFHg31nAnw!!,
1989,갈색날개노린재 생태 및 방제요령,BS000000042130,https://nongsaro.go.kr/portal/bsFileDownload.do?ep=a5gb/CMEYLclIUPoWw9/DZpAzn2z8@sWTCNA5pR4wDV@MNUxdQvyTx84MnRl5vhkzikZYGMo0Hz8ayNFiXs3DQ!!,
1988,가을감자재배  통 씨감자로 심어야 썩지 않고 싹도 잘 난다,BS000000042103,https://nongsaro.go.kr/portal/bsFileDownload.do?ep=a5gb/CMEYLclIUPoWw9/DZpAzn2z8@sWTCNA5pR4wDVZ5KqoAvuDCtM9LaFjC5b3VJfVLXCV1eYyTFHg31nAnw!!,
1987,콩 생육중기 적기 병해충 및 잡초방제는 다수확의 지름길,BS000000042097,https://nongsaro.go.kr/portal/bsFileDownload.do?ep=a5gb/CMEYLclIUPoWw9/DZpAzn2z8@sWTCNA5pR4wDVH4mZyrkM6ujQgLkNA18IBVJfVLXCV1eYyTFHg31nAnw!!,
1986,장마 뒤 사과 병해충 방제 신경 더 써야,BS000000042061,https://nongsaro.go.kr/portal/bsFileDownload.do?ep=a5gb/CMEYLclIUPoWw9/DZpAzn2z8@sWTCNA5pR4wDVzU17SBZUeDMyisClSK5S3r/BD1mimyxS24DCPRsGqxQ!!,
1985,"무더운 여름, 온실 효율적인 냉방 관리 요령",BS000000042042,https://nongsaro.go.kr/portal/bsFileDownload.do?ep=a5gb/CMEYLclIUPoWw9/DZpAzn2z8@sWTCNA5pR4wDUuN8MBitIcTrvryHWZ95G1VJfVLXCV1eYyTFHg31nAnw!!,
1984,블루베리 작은상제집나방 특징과 피해증상 알아보기,BS000000042023,https://nongsaro.go.kr/portal/bsFileDownload.do?ep=a5gb/CMEYLclIUPoWw9/DZpAzn2z8@sWTCNA5pR4wDXwRe0@1jLH16M4a/EN61rhVJfVLXCV1eYyTFHg31nAnw!!,
1983,고랭지 밭작물 해충 특징과 방제요령,BS000000042017,https://nongsaro.go.kr/portal/bsFileDownload.do?ep=a5gb/CMEYLclIUPoWw9/DZpAzn2z8@sWTCNA5pR4wDUm8vxmmURhVQ2HY7glAJPYVJfVLXCV1eYyTFHg31nAnw!!,
1982,장마철에 주로 발생하는 유지작물 병해충방제,BS000000041991,https://nongsaro.go.kr/portal/bsFileDownload.do?ep=a5gb/CMEYLclIUPoWw9/DZpAzn2z8@sWTCNA5pR4wDXMFC2PM2J/CKImHr/w78EVzikZYGMo0Hz8ayNFiXs3DQ!!,
1981,콩 씨스트선충 피해 진단과 방제법,BS000000041955,https://nongsaro.go.kr/portal/bsFileDownload.do?ep=a5gb/CMEYLclIUPoWw9/DZpAzn2z8@sWTCNA5pR4wDVn1swdaSze1BUiCHFEZ/DdVJfVLXCV1eYyTFHg31nAnw!!,
1980,외래해충 토마토뿔나방 생태 및 방제요령,BS000000041933,https://nongsaro.go.kr/portal/bsFileDownload.do?ep=a5gb/CMEYLclIUPoWw9/DZpAzn2z8@sWTCNA5pR4wDWEwyhq1W@clmhc1pBvCQr2r/BD1mimyxS24DCPRsGqxQ!!,
1979,고추 총채벌레 피해증상 및 방제법,BS000000041831,https://nongsaro.go.kr/portal/bsFileDownload.do?ep=a5gb/CMEYLclIUPoWw9/DZpAzn2z8@sWTCNA5pR4wDXGs6wSRZ8jG@1epWtAAl/dVJfVLXCV1eYyTFHg31nAnw!!,
1978,홍산마늘 우량 씨마늘(종구) 생산은 이렇게,BS000000041813,https://nongsaro.go.kr/portal/bsFileDownload.do?ep=a5gb/CMEYLclIUPoWw9/DZpAzn2z8@sWTCNA5pR4wDXmVNsEQQ/mHvzaUVThd@0GVJfVLXCV1eYyTFHg31nAnw!!,
1977,여름철 집중호우·태풍 대비 농작물 및 농업시설물 안전관리 요령,BS000000041731,https://nongsaro.go.kr/portal/bsFileDownload.do?ep=a5gb/CMEYLclIUPoWw9/DZpAzn2z8@sWTCNA5pR4wDVQLcLV3H2hlD83SSetQQlRzikZYGMo0Hz8ayNFiXs3DQ!!,
1976,여름철 폭염(고온)대비 농작물 관리요령,BS000000041725,https://nongsaro.go.kr/portal/bsFileDownload.do?ep=a5gb/CMEYLclIUPoWw9/DZpAzn2z8@sWTCNA5pR4wDW/@ZW8BRB5ajNCxqB9MUDGzikZYGMo0Hz8ayNFiXs3DQ!!,
1975,기후 변화로 인삼 곰팡이병 발생 양상이 달라졌다,BS000000040720,https://nongsaro.go.kr/portal/bsFileDownload.do?ep=a5gb/CMEYLclIUPoWw9/DZpAzn2z8@sWTCNA5pR4wDUp6fVhvhA0jGZCxQ7OEKAgr/BD1mimyxS24DCPRsGqxQ!!,
1974,노지 과일 피해 주는 탄저병 예방 관리 요령,BS000000040631,https://nongsaro.go.kr/portal/bsFileDownload.do?ep=a5gb/CMEYLclIUPoWw9/DZpAzn2z8@sWTCNA5pR4wDUCUwH7knPEnuoC53Lw1WzDVJfVLXCV1eYyTFHg31nAnw!!,
1973,"모기, 진드기가 옮기는 가축 질병 조심 하세요",BS000000040625,https://nongsaro.go.kr/portal/bsFileDownload.do?ep=a5gb/CMEYLclIUPoWw9/DZpAzn2z8@sWTCNA5pR4wDWHHpzmKorr@yGs7whHNmilVJfVLXCV1eYyTFHg31nAnw!!,
1971,간척지 해충 다색줄풍뎅이 성충되기 전 방제해야,BS000000040609,https://nongsaro.go.kr/portal/bsFileDownload.do?ep=a5gb/CMEYLclIUPoWw9/DZpAzn2z8@sWTCNA5pR4wDWincBLD6/VRJ4PQZ/yv7HsVJfVLXCV1eYyTFHg31nAnw!!,
1972,배 “검은별무늬병” 발생과 방제 요령,BS000000040615,https://nongsaro.go.kr/portal/bsFileDownload.do?ep=a5gb/CMEYLclIUPoWw9/DZpAzn2z8@sWTCNA5pR4wDXPW6EJxgjhrSYUxRZEqhqNVJfVLXCV1eYyTFHg31nAnw!!,
1970,"비래해충 피해 주의, 조기예찰 발견 즉시 방제해야",BS000000040601,https://nongsaro.go.kr/portal/bsFileDownload.do?ep=a5gb/CMEYLclIUPoWw9/DZpAzn2z8@sWTCNA5pR4wDVQvO/AeHZNZG4keJY1ODlAVJfVLXCV1eYyTFHg31nAnw!!,
1969,최근 감귤 주요 병해충 발생 정보 및 방제 요령,BS000000040595,https://nongsaro.go.kr/portal/bsFileDownload.do?ep=a5gb/CMEYLclIUPoWw9/DZpAzn2z8@sWTCNA5pR4wDVZ@@hNPhN9ZNp9Fz8dT7mTVJfVLXCV1eYyTFHg31nAnw!!,
1967,사과나무 생육 시기별 화상병 증상 알아보기,BS000000040578,https://nongsaro.go.kr/portal/bsFileDownload.do?ep=a5gb/CMEYLclIUPoWw9/DZpAzn2z8@sWTCNA5pR4wDUvuiCIXOey@T5pmytS7fzWVJfVLXCV1eYyTFHg31nAnw!!,
1968,"고랭지 감자,배추 반쪽시들음병, 미생물로 방제 하세요",BS000000040584,https://nongsaro.go.kr/portal/bsFileDownload.do?ep=a5gb/CMEYLclIUPoWw9/DZpAzn2z8@sWTCNA5pR4wDVZYiPa8G@Qi9ocl/qjzJs@r/BD1mimyxS24DCPRsGqxQ!!,
1966,올해 돌발해충 부화 평년보다 빨라 제때 방제,BS000000040548,https://nongsaro.go.kr/portal/bsFileDownload.do?ep=a5gb/CMEYLclIUPoWw9/DZpAzn2z8@sWTCNA5pR4wDUgKkyn7I61wkvEfFwQMne/VJfVLXCV1eYyTFHg31nAnw!!,
1965,봄철 꼭 등검은말벌 여왕벌 방제 하세요,BS000000040542,https://nongsaro.go.kr/portal/bsFileDownload.do?ep=a5gb/CMEYLclIUPoWw9/DZpAzn2z8@sWTCNA5pR4wDU2sR3XytMOLgLIwJMMRTV2VJfVLXCV1eYyTFHg31nAnw!!,
1964,감나무 주머니깍지벌레 생태 및 방제법,BS000000040532,https://nongsaro.go.kr/portal/bsFileDownload.do?ep=a5gb/CMEYLclIUPoWw9/DZpAzn2z8@sWTCNA5pR4wDUkA/A8ralHkXhet9gyMXMmVJfVLXCV1eYyTFHg31nAnw!!,
1963,배나무의 생육 시기별 화상병 증상,BS000000040526,https://nongsaro.go.kr/portal/bsFileDownload.do?ep=a5gb/CMEYLclIUPoWw9/DZpAzn2z8@sWTCNA5pR4wDWTnKiGYmvdG0XR9y@UdO09VJfVLXCV1eYyTFHg31nAnw!!,
1961,인삼 온실재배 관심 커 토양소독 방법,BS000000040514,https://nongsaro.go.kr/portal/bsFileDownload.do?ep=a5gb/CMEYLclIUPoWw9/DZpAzn2z8@sWTCNA5pR4wDVD13xCRRTQnyOhLHnb1YDzVJfVLXCV1eYyTFHg31nAnw!!,
1962,"멜론,수박등  황화바이러스 동시 진단기술 제시",BS000000040520,https://nongsaro.go.kr/portal/bsFileDownload.do?ep=a5gb/CMEYLclIUPoWw9/DZpAzn2z8@sWTCNA5pR4wDU1xUQ/YmedVOk6ZcgbKNRHVJfVLXCV1eYyTFHg31nAnw!!,
1959,"봄부터 찾아오는 맥류 병, 제때 방제 해야",BS000000040502,https://nongsaro.go.kr/portal/bsFileDownload.do?ep=a5gb/CMEYLclIUPoWw9/DZpAzn2z8@sWTCNA5pR4wDXuJjsd8f1WKefYyX4zKssZVJfVLXCV1eYyTFHg31nAnw!!,
1960,일교차 큰 봄철 시설채소 병해충 예방관리 요령,BS000000040508,https://nongsaro.go.kr/portal/bsFileDownload.do?ep=a5gb/CMEYLclIUPoWw9/DZpAzn2z8@sWTCNA5pR4wDVz29V7D7bJtsgF68yALzpXVJfVLXCV1eYyTFHg31nAnw!!,
1956,“땅두릅” 병해충 진단과 방제법 알아보기,BS000000040461,https://nongsaro.go.kr/portal/bsFileDownload.do?ep=a5gb/CMEYLclIUPoWw9/DZpAzn2z8@sWTCNA5pR4wDVUam1rYSoB@IN6Dhwvjt/iVJfVLXCV1eYyTFHg31nAnw!!,
1955,과수 개화기 저온피해 예방시설 점검 해야,BS000000040455,https://nongsaro.go.kr/portal/bsFileDownload.do?ep=a5gb/CMEYLclIUPoWw9/DZpAzn2z8@sWTCNA5pR4wDVQJZqqtfE5NT5Oz1SEN8W@r/BD1mimyxS24DCPRsGqxQ!!,
1953,돼지 생식기 호흡기 증후군 효과적인 예방법,BS000000040439,https://nongsaro.go.kr/portal/bsFileDownload.do?ep=a5gb/CMEYLclIUPoWw9/DZpAzn2z8@sWTCNA5pR4wDWfpzklP8HUmubqhGdsBu8AVJfVLXCV1eYyTFHg31nAnw!!,
1954,다가오는 영농철 농기계 점검‧정비는 필수,BS000000040445,https://nongsaro.go.kr/portal/bsFileDownload.do?ep=a5gb/CMEYLclIUPoWw9/DZpAzn2z8@sWTCNA5pR4wDXvsGgFHDylzrg99633e6FRVJfVLXCV1eYyTFHg31nAnw!!,
1952,"수박, 참외 수정할 때 꿀벌 부족하면 ‘뒤영벌’ 쓰세요",BS000000040427,https://nongsaro.go.kr/portal/bsFileDownload.do?ep=a5gb/CMEYLclIUPoWw9/DZpAzn2z8@sWTCNA5pR4wDW542tNM/qaRhj7sD6DsICXVJfVLXCV1eYyTFHg31nAnw!!,
1951,키위 질 좋은 꽃가루 생산이 중요,BS000000040421,https://nongsaro.go.kr/portal/bsFileDownload.do?ep=a5gb/CMEYLclIUPoWw9/DZpAzn2z8@sWTCNA5pR4wDWM1IlXWO8PUoNLxYO7bwlBr/BD1mimyxS24DCPRsGqxQ!!,
1950,사과·배 꽃 피기 전 과수화상병 방제 예방 효과 높아,BS000000040377,https://nongsaro.go.kr/portal/bsFileDownload.do?ep=a5gb/CMEYLclIUPoWw9/DZpAzn2z8@sWTCNA5pR4wDWogKjc7GG6RIEfc5uuRcbUVJfVLXCV1eYyTFHg31nAnw!!,
1949,"돼지 설사병 예방 하려면, 철저한 돈사 소독부터!",BS000000040367,https://nongsaro.go.kr/portal/bsFileDownload.do?ep=a5gb/CMEYLclIUPoWw9/DZpAzn2z8@sWTCNA5pR4wDVZ8t4ejfTQkiw@Qvlgz6tgVJfVLXCV1eYyTFHg31nAnw!!,
1948,"망고, 패션프루트 등 아열대 과일 재배적지 확인",BS000000040361,https://nongsaro.go.kr/portal/bsFileDownload.do?ep=a5gb/CMEYLclIUPoWw9/DZpAzn2z8@sWTCNA5pR4wDWKr1kMVcB8UstNnFIt2mQlVJfVLXCV1eYyTFHg31nAnw!!,
1947,올해 파종할 콩·팥 주요 품종과 특성 알아보기,BS000000040338,https://nongsaro.go.kr/portal/bsFileDownload.do?ep=a5gb/CMEYLclIUPoWw9/DZpAzn2z8@sWTCNA5pR4wDWLEWkW3XePHEx8044NFeXFVJfVLXCV1eYyTFHg31nAnw!!,
1946,겨울 사료작물 생산량 늘리려면 봄철 관리가 중요,BS000000040332,https://nongsaro.go.kr/portal/bsFileDownload.do?ep=a5gb/CMEYLclIUPoWw9/DZpAzn2z8@sWTCNA5pR4wDUBnA4lZI7qYwawZnOayQKWVJfVLXCV1eYyTFHg31nAnw!!,
1945,봄철 꿀벌 폐사 줄이려면 월동 응애류 방제부터,BS000000040325,https://nongsaro.go.kr/portal/bsFileDownload.do?ep=a5gb/CMEYLclIUPoWw9/DZpAzn2z8@sWTCNA5pR4wDVaF/n0Dmfyi5UgaLRGJuUzVJfVLXCV1eYyTFHg31nAnw!!,
1944,감나무 돌발해충 갈색날개매미충 방제요령,BS000000040319,https://nongsaro.go.kr/portal/bsFileDownload.do?ep=a5gb/CMEYLclIUPoWw9/DZpAzn2z8@sWTCNA5pR4wDXUYN9tfG9MabKWUkXHmKR3VJfVLXCV1eYyTFHg31nAnw!!,
1942,월동기 배 병해충 관리는 이렇게!,BS000000040307,https://nongsaro.go.kr/portal/bsFileDownload.do?ep=a5gb/CMEYLclIUPoWw9/DZpAzn2z8@sWTCNA5pR4wDW76umktGWm3o62evMEdRElVJfVLXCV1eYyTFHg31nAnw!!,
1941,잎들깨 수경재배 요령,BS000000040301,https://nongsaro.go.kr/portal/bsFileDownload.do?ep=a5gb/CMEYLclIUPoWw9/DZpAzn2z8@sWTCNA5pR4wDXIOMOrUjWLmHucW4NrKtvEr/BD1mimyxS24DCPRsGqxQ!!,
1939,사과 안정생산 시작은 꽃눈 분화율 확인부터,BS000000040248,https://nongsaro.go.kr/portal/bsFileDownload.do?ep=a5gb/CMEYLclIUPoWw9/DZpAzn2z8@sWTCNA5pR4wDXRVFgD0@6HSpHzXS7EYvJrVJfVLXCV1eYyTFHg31nAnw!!,
1940,배나무 심재썩음병 효과적 예방관리,BS000000040254,https://nongsaro.go.kr/portal/bsFileDownload.do?ep=a5gb/CMEYLclIUPoWw9/DZpAzn2z8@sWTCNA5pR4wDW3CMuweI9RTbN7cqycb58kVJfVLXCV1eYyTFHg31nAnw!!,
1938,고추 풍년 농사! 육묘 과정에서 성패 좌우!,BS000000040239,https://nongsaro.go.kr/portal/bsFileDownload.do?ep=a5gb/CMEYLclIUPoWw9/DZpAzn2z8@sWTCNA5pR4wDWW6S2M4ZKhhkQI1Hn4h7z2VJfVLXCV1eYyTFHg31nAnw!!,
1937,채소용 고구마 ‘통채루’ 하우스 재배,BS000000040233,https://nongsaro.go.kr/portal/bsFileDownload.do?ep=a5gb/CMEYLclIUPoWw9/DZpAzn2z8@sWTCNA5pR4wDXmoZIRMF5hNbsDJGmPyPEEVJfVLXCV1eYyTFHg31nAnw!!,
1936,보리·밀 등 맥류 생육재생기 포장관리 철저히,BS000000040211,https://nongsaro.go.kr/portal/bsFileDownload.do?ep=a5gb/CMEYLclIUPoWw9/DZpAzn2z8@sWTCNA5pR4wDU4SRITKcr/PklxWgHBCpINVJfVLXCV1eYyTFHg31nAnw!!,
1935,시설딸기 햇빛양 부족 대비 생육 관리 요령,BS000000040205,https://nongsaro.go.kr/portal/bsFileDownload.do?ep=a5gb/CMEYLclIUPoWw9/DZpAzn2z8@sWTCNA5pR4wDXrmIVov5@NOJceC3hnT91tVJfVLXCV1eYyTFHg31nAnw!!,
1934,아프리카돼지열병! 의심 증상 발견시 즉시 신고 차단 해야!,BS000000040194,https://nongsaro.go.kr/portal/bsFileDownload.do?ep=a5gb/CMEYLclIUPoWw9/DZpAzn2z8@sWTCNA5pR4wDVtbCez4yAkNT@wLkOQq1MmVJfVLXCV1eYyTFHg31nAnw!!,
1933,배나무 화상병과 유사병해 증상 구분 방법,BS000000040188,https://nongsaro.go.kr/portal/bsFileDownload.do?ep=a5gb/CMEYLclIUPoWw9/DZpAzn2z8@sWTCNA5pR4wDWzutXGu1kKrMbfKaWVqhNBVJfVLXCV1eYyTFHg31nAnw!!,
1932,겨울철 시설원예 난방비 잡는 방법 아시나요,BS000000040182,https://nongsaro.go.kr/portal/bsFileDownload.do?ep=a5gb/CMEYLclIUPoWw9/DZpAzn2z8@sWTCNA5pR4wDUhK@zlYZViYt6kmTR5FIjdVJfVLXCV1eYyTFHg31nAnw!!,
1931,2023년 닭·오리고기 소비 늘었다,BS000000040105,https://nongsaro.go.kr/portal/bsFileDownload.do?ep=a5gb/CMEYLclIUPoWw9/DZpAzn2z8@sWTCNA5pR4wDXf9wYQ/nHtpzrA26wpOsK7VJfVLXCV1eYyTFHg31nAnw!!,
1930,"마늘, 양파 언 피해 없도록 보온해 주어야",BS000000040099,https://nongsaro.go.kr/portal/bsFileDownload.do?ep=a5gb/CMEYLclIUPoWw9/DZpAzn2z8@sWTCNA5pR4wDWFrYo8rkTd2MY870dAq0vJVJfVLXCV1eYyTFHg31nAnw!!,
1929,조류인플루엔자 감염 예방은 사전 차단 방역이 최선이다,BS000000040090,https://nongsaro.go.kr/portal/bsFileDownload.do?ep=a5gb/CMEYLclIUPoWw9/DZpAzn2z8@sWTCNA5pR4wDWJpk/kB2RplGD/I3TakrxaVJfVLXCV1eYyTFHg31nAnw!!,
1928,세심한 가축 관리·철저한 방역으로 안전한 겨울나기,BS000000040083,https://nongsaro.go.kr/portal/bsFileDownload.do?ep=a5gb/CMEYLclIUPoWw9/DZpAzn2z8@sWTCNA5pR4wDUEVpqKoghCxUdbnlce88NmVJfVLXCV1eYyTFHg31nAnw!!,
1927,내년 인공수분용 배 꽃가루 미리 챙기세요,BS000000040077,https://nongsaro.go.kr/portal/bsFileDownload.do?ep=a5gb/CMEYLclIUPoWw9/DZpAzn2z8@sWTCNA5pR4wDXEr30GryxKTyCqJHD6oBMCVJfVLXCV1eYyTFHg31nAnw!!,
1926,고품질 감초 안전 생산을 위한 겨울철 관리,BS000000040033,https://nongsaro.go.kr/portal/bsFileDownload.do?ep=a5gb/CMEYLclIUPoWw9/DZpAzn2z8@sWTCNA5pR4wDVyMPQEpvbFtAKjURNEITesVJfVLXCV1eYyTFHg31nAnw!!,
1925,겨울철 시설감자 안전 재배법,BS000000039888,https://nongsaro.go.kr/portal/bsFileDownload.do?ep=a5gb/CMEYLclIUPoWw9/DZpAzn2z8@sWTCNA5pR4wDXOrvmMpvXQGQdUkT9mjBGDVJfVLXCV1eYyTFHg31nAnw!!,
1924,"환절기 호흡기 건강, 특용작물로 챙기세요",BS000000039882,https://nongsaro.go.kr/portal/bsFileDownload.do?ep=a5gb/CMEYLclIUPoWw9/DZpAzn2z8@sWTCNA5pR4wDW6qXETayMqfl9Fu0K7c5GCVJfVLXCV1eYyTFHg31nAnw!!,
1923,세계인이 사랑하는 우리 배(梨) 알고 먹으면 배로 맛있다,BS000000039853,https://nongsaro.go.kr/portal/bsFileDownload.do?ep=a5gb/CMEYLclIUPoWw9/DZpAzn2z8@sWTCNA5pR4wDWIIcZXXZk6pDR09yM84p@Yr/BD1mimyxS24DCPRsGqxQ!!,
1922,시설원예에 태양광·열과 지열 결합해 온실 냉난방비 78% 줄인다,BS000000039847,https://nongsaro.go.kr/portal/bsFileDownload.do?ep=a5gb/CMEYLclIUPoWw9/DZpAzn2z8@sWTCNA5pR4wDU5nqcPBLiAlZhazmGyOsKur/BD1mimyxS24DCPRsGqxQ!!,
1921,배추 저장기간 연장을 위한 수확 후 관리 기술,BS000000039758,https://nongsaro.go.kr/portal/bsFileDownload.do?ep=a5gb/CMEYLclIUPoWw9/DZpAzn2z8@sWTCNA5pR4wDXDg6J4TikW3bdjQGFxFT1TVJfVLXCV1eYyTFHg31nAnw!!,
1920,인삼 씨 뿌림 및 겨울철 인삼밭 관리 요령,BS000000039752,https://nongsaro.go.kr/portal/bsFileDownload.do?ep=a5gb/CMEYLclIUPoWw9/DZpAzn2z8@sWTCNA5pR4wDVpUNLkpYlx6kqkZYWzW4pLVJfVLXCV1eYyTFHg31nAnw!!,
1919,고품질 참당귀 생산을 위한 재배기술,BS000000039727,https://nongsaro.go.kr/portal/bsFileDownload.do?ep=a5gb/CMEYLclIUPoWw9/DZpAzn2z8@sWTCNA5pR4wDUGH71k0M4G2t1Y6Zd24MFPVJfVLXCV1eYyTFHg31nAnw!!,
1918,맥류 겨울나기 안전 관리 요령,BS000000039721,https://nongsaro.go.kr/portal/bsFileDownload.do?ep=a5gb/CMEYLclIUPoWw9/DZpAzn2z8@sWTCNA5pR4wDWdoEl9yUbAjxxMaEfPqU5VVJfVLXCV1eYyTFHg31nAnw!!,
1917,미생물제 종자 코팅 기술,BS000000039703,https://nongsaro.go.kr/portal/bsFileDownload.do?ep=a5gb/CMEYLclIUPoWw9/DZpAzn2z8@sWTCNA5pR4wDWtCE8wPY4jqNN@42UVStxEVJfVLXCV1eYyTFHg31nAnw!!,
1916,3高 현상에 따른 소비자 소비심리 어떻게 변했나,BS000000039687,https://nongsaro.go.kr/portal/bsFileDownload.do?ep=a5gb/CMEYLclIUPoWw9/DZpAzn2z8@sWTCNA5pR4wDXMDQ3JYB7Yc6ychdoBfvTeVJfVLXCV1eYyTFHg31nAnw!!,
1915,소 럼피스킨병에 대해 알려드립니다,BS000000039643,https://nongsaro.go.kr/portal/bsFileDownload.do?ep=a5gb/CMEYLclIUPoWw9/DZpAzn2z8@sWTCNA5pR4wDWTxQsiTGTScIaAH4ovTvuMVJfVLXCV1eYyTFHg31nAnw!!,
1914,화분 매개용 꿀벌 표준 사용법 딸기·수박 올바른 화분 매개용 꿀벌 관리로 생산성 높인다,BS000000039628,https://nongsaro.go.kr/portal/bsFileDownload.do?ep=a5gb/CMEYLclIUPoWw9/DZpAzn2z8@sWTCNA5pR4wDXTE3d/V1oCi0Ue1ArBwgESVJfVLXCV1eYyTFHg31nAnw!!,
1913,초유은행 한우농가와 젖소농가의 아름다운 상생,BS000000039622,https://nongsaro.go.kr/portal/bsFileDownload.do?ep=a5gb/CMEYLclIUPoWw9/DZpAzn2z8@sWTCNA5pR4wDVImAFjEUGcAmgGvgXJmX9lr/BD1mimyxS24DCPRsGqxQ!!,
1912,"고구마 표피썩음병, 수확 후 관리로 막을 수 있어",BS000000039517,https://nongsaro.go.kr/portal/bsFileDownload.do?ep=a5gb/CMEYLclIUPoWw9/DZpAzn2z8@sWTCNA5pR4wDUpe7h4yZCsKSxtK9ehgrdQVJfVLXCV1eYyTFHg31nAnw!!,
1911,딸기 점박이응애 방제 농약 대신 천적을 이용하자,BS000000039511,https://nongsaro.go.kr/portal/bsFileDownload.do?ep=a5gb/CMEYLclIUPoWw9/DZpAzn2z8@sWTCNA5pR4wDVH1VPy7Z5HhuimfuehP8BqVJfVLXCV1eYyTFHg31nAnw!!,
1910,"콩알 여무는 시기, 콩 재배·병해충 관리기술",BS000000039492,https://nongsaro.go.kr/portal/bsFileDownload.do?ep=a5gb/CMEYLclIUPoWw9/DZpAzn2z8@sWTCNA5pR4wDUQD8aok3/YpVQx@d64rn@QVJfVLXCV1eYyTFHg31nAnw!!,
1909,양파 기계 정식용 육묘 기술(플러그묘 벤치 육묘),BS000000039485,https://nongsaro.go.kr/portal/bsFileDownload.do?ep=a5gb/CMEYLclIUPoWw9/DZpAzn2z8@sWTCNA5pR4wDWIiy@tBtIr8Cuv/lFe@b5AVJfVLXCV1eYyTFHg31nAnw!!,
1908,추석 연휴 반려견 돌보기,BS000000039448,https://nongsaro.go.kr/portal/bsFileDownload.do?ep=a5gb/CMEYLclIUPoWw9/DZpAzn2z8@sWTCNA5pR4wDW3azfpsrQrpZQdNFxMX1v11FHfUl9p38aMyB9pyYUVwA!!,
1907,"환절기 면역력에 좋은 인삼, 추석 선물로도 좋아요",BS000000039441,https://nongsaro.go.kr/portal/bsFileDownload.do?ep=a5gb/CMEYLclIUPoWw9/DZpAzn2z8@sWTCNA5pR4wDVfcWeoQ5mu/xCgeZoDksnIVJfVLXCV1eYyTFHg31nAnw!!,
1906,과실의 품질을 높이는 수확기 선정과 수확 방법,BS000000039430,https://nongsaro.go.kr/portal/bsFileDownload.do?ep=a5gb/CMEYLclIUPoWw9/DZpAzn2z8@sWTCNA5pR4wDV@brfEAvxe@xxhzkxd1WqXVJfVLXCV1eYyTFHg31nAnw!!,
1905,벼 생육기간 온도 높게 경과하면 쌀 품질 떨어져,BS000000039424,https://nongsaro.go.kr/portal/bsFileDownload.do?ep=a5gb/CMEYLclIUPoWw9/DZpAzn2z8@sWTCNA5pR4wDUP4fAdo5T5C6H2XoALEkDHVJfVLXCV1eYyTFHg31nAnw!!,
1904,생육 후기 포도 과원 관리 요령,BS000000039404,https://nongsaro.go.kr/portal/bsFileDownload.do?ep=a5gb/CMEYLclIUPoWw9/DZpAzn2z8@sWTCNA5pR4wDWPpqEu65djrmmADKlWCYBAVJfVLXCV1eYyTFHg31nAnw!!,
1903,농작물 재배할 때 온도를 낮추는 저온성 멀칭 필름,BS000000039398,https://nongsaro.go.kr/portal/bsFileDownload.do?ep=a5gb/CMEYLclIUPoWw9/DZpAzn2z8@sWTCNA5pR4wDXAZ/Fvzv6FYmR4AsXvjkkYVJfVLXCV1eYyTFHg31nAnw!!,
1902,고온기 급증하는 꿀벌응애 방제,BS000000039392,https://nongsaro.go.kr/portal/bsFileDownload.do?ep=a5gb/CMEYLclIUPoWw9/DZpAzn2z8@sWTCNA5pR4wDW2Fuv@ZkVxuRGfWDGzWtUgVJfVLXCV1eYyTFHg31nAnw!!,
1901,국산 용과 더 달콤하고 맛있게 품질 높이기,BS000000039384,https://nongsaro.go.kr/portal/bsFileDownload.do?ep=a5gb/CMEYLclIUPoWw9/DZpAzn2z8@sWTCNA5pR4wDUGp55EEQSl69k0JfcroUgcr/BD1mimyxS24DCPRsGqxQ!!,
1900,집중호우 후 불볕더위 벼 안전 생산 재배관리 요령,BS000000039378,https://nongsaro.go.kr/portal/bsFileDownload.do?ep=a5gb/CMEYLclIUPoWw9/DZpAzn2z8@sWTCNA5pR4wDUpwCk2PWsM2E6Y4WI2@L2FVJfVLXCV1eYyTFHg31nAnw!!,
1899,소비자는 복숭아 구매할 때 품종과 당도 중시,BS000000039362,https://nongsaro.go.kr/portal/bsFileDownload.do?ep=a5gb/CMEYLclIUPoWw9/DZpAzn2z8@sWTCNA5pR4wDXYqd67fewmKJQYC8leyLPiVJfVLXCV1eYyTFHg31nAnw!!,
1898,에너지 비용은 내리고 수량을 올리는 고온기 파프리카 뿌리 냉방 기술,BS000000039353,https://nongsaro.go.kr/portal/bsFileDownload.do?ep=a5gb/CMEYLclIUPoWw9/DZpAzn2z8@sWTCNA5pR4wDXbwFgXNOaNkCT80ZijQmVWVJfVLXCV1eYyTFHg31nAnw!!,
1897,긴 장마 이후 불볕더위 시설 온실 스마트장비 특별 관리,BS000000039340,https://nongsaro.go.kr/portal/bsFileDownload.do?ep=a5gb/CMEYLclIUPoWw9/DZpAzn2z8@sWTCNA5pR4wDUdZgM3N9FkvT@veNhjjx@rr/BD1mimyxS24DCPRsGqxQ!!,
1896,더운 여름철 전통장 맛·품질 관리기술,BS000000039334,https://nongsaro.go.kr/portal/bsFileDownload.do?ep=a5gb/CMEYLclIUPoWw9/DZpAzn2z8@sWTCNA5pR4wDWNHHipA@Uf2vStS43E2b1sVJfVLXCV1eYyTFHg31nAnw!!,
1895,인삼 요리 지친 수험생 기력 보강에 최고,BS000000039323,https://nongsaro.go.kr/portal/bsFileDownload.do?ep=a5gb/CMEYLclIUPoWw9/DZpAzn2z8@sWTCNA5pR4wDVR9YftJIwF0QWEwU@mfrmiVJfVLXCV1eYyTFHg31nAnw!!,
1894,"논콩 침수지역 피해 최소화, 사후관리 서둘러야",BS000000039317,https://nongsaro.go.kr/portal/bsFileDownload.do?ep=a5gb/CMEYLclIUPoWw9/DZpAzn2z8@sWTCNA5pR4wDXkdQicsqa@Zegw0KrwzlxCnM@PwCp/wIoz5K1zWGBVHg!!,
1893,"사과, 배 과수원 태풍 전 꼭 점검해야 할 과제",BS000000039310,https://nongsaro.go.kr/portal/bsFileDownload.do?ep=a5gb/CMEYLclIUPoWw9/DZpAzn2z8@sWTCNA5pR4wDUCVY3nOudpaeMKOjauYu7er/BD1mimyxS24DCPRsGqxQ!!,
1888,장맛비‧무더위 반복…여름철 안전한 농작업 수칙 안내,BS000000039283,https://nongsaro.go.kr/portal/bsFileDownload.do?ep=a5gb/CMEYLclIUPoWw9/DZpAzn2z8@sWTCNA5pR4wDWPdsqpNVV/qe52/rlWhmhfVJfVLXCV1eYyTFHg31nAnw!!,
1887,농작업 중 진드기 물림 주의하세요,BS000000039277,https://nongsaro.go.kr/portal/bsFileDownload.do?ep=a5gb/CMEYLclIUPoWw9/DZpAzn2z8@sWTCNA5pR4wDWk/oGE8rioJ6ryXYypBgEjVJfVLXCV1eYyTFHg31nAnw!!,
1886,느긋하고 마음 편안하게 가장 농촌스러운 여행,BS000000039271,https://nongsaro.go.kr/portal/bsFileDownload.do?ep=a5gb/CMEYLclIUPoWw9/DZpAzn2z8@sWTCNA5pR4wDVXoUOAjF4lO@/ZRpl9s754zikZYGMo0Hz8ayNFiXs3DQ!!,
1885,"파밤나방, 담배거세미나방 제때 방제가 중요",BS000000039260,https://nongsaro.go.kr/portal/bsFileDownload.do?ep=a5gb/CMEYLclIUPoWw9/DZpAzn2z8@sWTCNA5pR4wDVG6vTNX1vw7KWVZVgd7wCfVJfVLXCV1eYyTFHg31nAnw!!,
1884,콩 생육 초기 주요 재배관리 기술,BS000000039254,https://nongsaro.go.kr/portal/bsFileDownload.do?ep=a5gb/CMEYLclIUPoWw9/DZpAzn2z8@sWTCNA5pR4wDU2R78If94ikoUS3Pz/Y5vfVJfVLXCV1eYyTFHg31nAnw!!,
1883,여름철 약용작물 병해충 방제 기술,BS000000039242,https://nongsaro.go.kr/portal/bsFileDownload.do?ep=a5gb/CMEYLclIUPoWw9/DZpAzn2z8@sWTCNA5pR4wDWoc8s1pLn@LaM1Ik4JjZ@RnM@PwCp/wIoz5K1zWGBVHg!!,
1882,"안정적인 과일 수확, 여름철 관리에 달렸다",BS000000039236,https://nongsaro.go.kr/portal/bsFileDownload.do?ep=a5gb/CMEYLclIUPoWw9/DZpAzn2z8@sWTCNA5pR4wDXfpGxsHElzKa0agcrgGX8rVJfVLXCV1eYyTFHg31nAnw!!,
1881,안전 농산물 생산 지름길은 비료사용처방 현장 실천,BS000000039222,https://nongsaro.go.kr/portal/bsFileDownload.do?ep=a5gb/CMEYLclIUPoWw9/DZpAzn2z8@sWTCNA5pR4wDVbA8ag@fcOj@UGWKK1/FwtVJfVLXCV1eYyTFHg31nAnw!!,
1880,사료맥류 종자 발아율 높이는 수확 후 건조법,BS000000039212,https://nongsaro.go.kr/portal/bsFileDownload.do?ep=a5gb/CMEYLclIUPoWw9/DZpAzn2z8@sWTCNA5pR4wDU@tACgc@8cu2YggZLfKtsTVJfVLXCV1eYyTFHg31nAnw!!,
1879,장마 전 고추 탄저병 방제가 한 해 농사 좌우,BS000000039205,https://nongsaro.go.kr/portal/bsFileDownload.do?ep=a5gb/CMEYLclIUPoWw9/DZpAzn2z8@sWTCNA5pR4wDXCQ7ixBGRihGgHkPBebTIJr/BD1mimyxS24DCPRsGqxQ!!,
1878,모내기 직후부터 벼 병해충 예방에 관심 기울여야,BS000000039173,https://nongsaro.go.kr/portal/bsFileDownload.do?ep=a5gb/CMEYLclIUPoWw9/DZpAzn2z8@sWTCNA5pR4wDXbbYU/PRVo6OCEc9FAm/58r/BD1mimyxS24DCPRsGqxQ!!,
1877,씨마늘 값 아끼는 마늘 이야기,BS000000039167,https://nongsaro.go.kr/portal/bsFileDownload.do?ep=a5gb/CMEYLclIUPoWw9/DZpAzn2z8@sWTCNA5pR4wDUW0rXpAOVpZQijzRuSLuHUVJfVLXCV1eYyTFHg31nAnw!!,
1876,실내 식물 해충으로부터 튼튼하게 기르는 방법,BS000000039161,https://nongsaro.go.kr/portal/bsFileDownload.do?ep=a5gb/CMEYLclIUPoWw9/DZpAzn2z8@sWTCNA5pR4wDX3uI1eeHhiS6TsRX/R/cDbVJfVLXCV1eYyTFHg31nAnw!!,
1875,팥 재배기술 및 가공,BS000000039148,https://nongsaro.go.kr/portal/bsFileDownload.do?ep=a5gb/CMEYLclIUPoWw9/DZpAzn2z8@sWTCNA5pR4wDUOIDF8CSBAz2HXvKGzDHVIVJfVLXCV1eYyTFHg31nAnw!!,
1874,탄소중립 실현을 위한 단순형 자동물꼬 선보여,BS000000039142,https://nongsaro.go.kr/portal/bsFileDownload.do?ep=a5gb/CMEYLclIUPoWw9/DZpAzn2z8@sWTCNA5pR4wDV9sn1a5ivrqM28rTeu4kuiVJfVLXCV1eYyTFHg31nAnw!!,
1873,냉동보관 없이도 유용하게 쓰일 수 있는 반건조 오디 만드는 법,BS000000039136,https://nongsaro.go.kr/portal/bsFileDownload.do?ep=a5gb/CMEYLclIUPoWw9/DZpAzn2z8@sWTCNA5pR4wDXVu3h5lUDZuFruGblyxPjPVJfVLXCV1eYyTFHg31nAnw!!,
1872,축사로에서 농장 HACCP 인증 빠르고 쉽게,BS000000039122,https://nongsaro.go.kr/portal/bsFileDownload.do?ep=a5gb/CMEYLclIUPoWw9/DZpAzn2z8@sWTCNA5pR4wDVz7O4vaPQ79nyu6b2gY9ESVJfVLXCV1eYyTFHg31nAnw!!,
1871,과수 해충 알락하늘소 포획 장치 개발,BS000000039116,https://nongsaro.go.kr/portal/bsFileDownload.do?ep=a5gb/CMEYLclIUPoWw9/DZpAzn2z8@sWTCNA5pR4wDUpKO6zBDK4JNLgdyIaw61rVJfVLXCV1eYyTFHg31nAnw!!,
1870,"저온 피해 본 배 열매터짐 주의, 사과 잎 관리 집중",BS000000039108,https://nongsaro.go.kr/portal/bsFileDownload.do?ep=a5gb/CMEYLclIUPoWw9/DZpAzn2z8@sWTCNA5pR4wDVwTAeyf5SoS2GPQC@lxWUbr/BD1mimyxS24DCPRsGqxQ!!,
1869,열대거세미나방 초기예찰과 적기방제로 피해 최소화,BS000000039098,https://nongsaro.go.kr/portal/bsFileDownload.do?ep=a5gb/CMEYLclIUPoWw9/DZpAzn2z8@sWTCNA5pR4wDWlUVW24WlBbKA9kL7tMv1UzikZYGMo0Hz8ayNFiXs3DQ!!,
1868,핵과류 병해충 올해 특히 주의하세요,BS000000039090,https://nongsaro.go.kr/portal/bsFileDownload.do?ep=a5gb/CMEYLclIUPoWw9/DZpAzn2z8@sWTCNA5pR4wDXwO4nSVz1CiQ@xD7qkz1GKVJfVLXCV1eYyTFHg31nAnw!!,
1867,잎자루용 고구마품종 통채루를 아시나요,BS000000039076,https://nongsaro.go.kr/portal/bsFileDownload.do?ep=a5gb/CMEYLclIUPoWw9/DZpAzn2z8@sWTCNA5pR4wDVQQMsYjOoblJyjKpSH2ypTVJfVLXCV1eYyTFHg31nAnw!!,
1866,"자연의 풍경을 더욱 아름답게, 여름용 경관작물",BS000000039070,https://nongsaro.go.kr/portal/bsFileDownload.do?ep=a5gb/CMEYLclIUPoWw9/DZpAzn2z8@sWTCNA5pR4wDX/GKdGFXKO3wST/fFG33SkVJfVLXCV1eYyTFHg31nAnw!!,
1865,조명나방 적기방제로 옥수수 피해 예방해야,BS000000039060,https://nongsaro.go.kr/portal/bsFileDownload.do?ep=a5gb/CMEYLclIUPoWw9/DZpAzn2z8@sWTCNA5pR4wDWvGgjE/BQMawzR7B2by6LaVJfVLXCV1eYyTFHg31nAnw!!,
1864,논 콩 안전 생산 재배 기술,BS000000039053,https://nongsaro.go.kr/portal/bsFileDownload.do?ep=a5gb/CMEYLclIUPoWw9/DZpAzn2z8@sWTCNA5pR4wDX1W0@mwXHikh4q2@oHu1cqVJfVLXCV1eYyTFHg31nAnw!!,
1863,"현대인의 스트레스 해소 명약, 쥐오줌풀 재배 기술",BS000000039047,https://nongsaro.go.kr/portal/bsFileDownload.do?ep=a5gb/CMEYLclIUPoWw9/DZpAzn2z8@sWTCNA5pR4wDUJFmVqEdGQo2f5DvWJ3Q86VJfVLXCV1eYyTFHg31nAnw!!,
1862,마늘ㆍ양파 수확 후 건조기술,BS000000039041,https://nongsaro.go.kr/portal/bsFileDownload.do?ep=a5gb/CMEYLclIUPoWw9/DZpAzn2z8@sWTCNA5pR4wDXws5qREPen6fzuIxt4YKAgVJfVLXCV1eYyTFHg31nAnw!!,
1861,작약 화분 재배 기술,BS000000039026,https://nongsaro.go.kr/portal/bsFileDownload.do?ep=a5gb/CMEYLclIUPoWw9/DZpAzn2z8@sWTCNA5pR4wDVXXOg@RJ38n6BhREL5UymGzikZYGMo0Hz8ayNFiXs3DQ!!,
1860,핵과류·배 깍지벌레 초기에 잡아야 효과 커,BS000000039020,https://nongsaro.go.kr/portal/bsFileDownload.do?ep=a5gb/CMEYLclIUPoWw9/DZpAzn2z8@sWTCNA5pR4wDUvzEDRJeUnPf9ZGfM14K8LQjnQA48bg@TA9FL5Pk@pfg!!,
1859,참깨 모저온피해 부직포 덮어 예방,BS000000039014,https://nongsaro.go.kr/portal/bsFileDownload.do?ep=a5gb/CMEYLclIUPoWw9/DZpAzn2z8@sWTCNA5pR4wDWd3DgJ5tYhGjoaTT1MP/Nor/BD1mimyxS24DCPRsGqxQ!!,
1858,금년 돌발해충 부화시기 평년보다 빠르다,BS000000039003,https://nongsaro.go.kr/portal/bsFileDownload.do?ep=a5gb/CMEYLclIUPoWw9/DZpAzn2z8@sWTCNA5pR4wDUNnk3MSzZRbYVKxVua4sGdVJfVLXCV1eYyTFHg31nAnw!!,
1857,봄비와 함께 오는 맥류 병해,BS000000038997,https://nongsaro.go.kr/portal/bsFileDownload.do?ep=a5gb/CMEYLclIUPoWw9/DZpAzn2z8@sWTCNA5pR4wDXQ8YMuOu/KRiFZ3K@S7pepVJfVLXCV1eYyTFHg31nAnw!!,
1856,유기농 농사 준비는 친환경 종자 소독부터,BS000000038987,https://nongsaro.go.kr/portal/bsFileDownload.do?ep=a5gb/CMEYLclIUPoWw9/DZpAzn2z8@sWTCNA5pR4wDWe7H8b26M1BaK32aiRYWDwVJfVLXCV1eYyTFHg31nAnw!!,
1855,저온 피해 과원 사후관리 기술,BS000000038993,https://nongsaro.go.kr/portal/bsFileDownload.do?ep=a5gb/CMEYLclIUPoWw9/DZpAzn2z8@sWTCNA5pR4wDVLrHkqZdcTUahhJvBbY273r/BD1mimyxS24DCPRsGqxQ!!,
1854,돼지머리 특수부위 구워 먹으니 쫄깃쫄깃 맛있네,BS000000038975,https://nongsaro.go.kr/portal/bsFileDownload.do?ep=a5gb/CMEYLclIUPoWw9/DZpAzn2z8@sWTCNA5pR4wDVm5NOCy5PRgo5EV7CF0h2@VJfVLXCV1eYyTFHg31nAnw!!,
1853,시설재배 해충 방제 천적 농법이 딱 좋아,BS000000038958,https://nongsaro.go.kr/portal/bsFileDownload.do?ep=a5gb/CMEYLclIUPoWw9/DZpAzn2z8@sWTCNA5pR4wDVVaBk3b2DOr6rAuVATx0ulVJfVLXCV1eYyTFHg31nAnw!!,
1852,블루베리 재배시 최대 골칫거리 혹파리 발생 초기에 뿌리 뽑아야,BS000000038939,https://nongsaro.go.kr/portal/bsFileDownload.do?ep=a5gb/CMEYLclIUPoWw9/DZpAzn2z8@sWTCNA5pR4wDVPVzkPdVxl0/w6kwySBnlnVJfVLXCV1eYyTFHg31nAnw!!,
1850,배추 필름 포장 기술하면 저장성 쑥쑥,BS000000038927,https://nongsaro.go.kr/portal/bsFileDownload.do?ep=a5gb/CMEYLclIUPoWw9/DZpAzn2z8@sWTCNA5pR4wDW@tZEgKSkCAMEmv7rpC5sUVJfVLXCV1eYyTFHg31nAnw!!,
1849,시설재배지 토양 염류경감 요령,BS000000038918,https://nongsaro.go.kr/portal/bsFileDownload.do?ep=a5gb/CMEYLclIUPoWw9/DZpAzn2z8@sWTCNA5pR4wDWPtJDOk6/e@9WzX@W67VtfVJfVLXCV1eYyTFHg31nAnw!!,
1848,노지 과수원 개화기 저온 경감 통로형 온풍법 개발,BS000000038912,https://nongsaro.go.kr/portal/bsFileDownload.do?ep=a5gb/CMEYLclIUPoWw9/DZpAzn2z8@sWTCNA5pR4wDWGIka68uoTxooFCLuCajsOVJfVLXCV1eYyTFHg31nAnw!!,
1847,봄철 방목초지 관리 잘해야 생산성 높아진다,BS000000038896,https://nongsaro.go.kr/portal/bsFileDownload.do?ep=a5gb/CMEYLclIUPoWw9/DZpAzn2z8@sWTCNA5pR4wDWTwlHOVNQ7JzZSj3J/tDWqVJfVLXCV1eYyTFHg31nAnw!!,
1846,가루쌀 바로미2 재배기술 재배력 제작,BS000000038890,https://nongsaro.go.kr/portal/bsFileDownload.do?ep=a5gb/CMEYLclIUPoWw9/DZpAzn2z8@sWTCNA5pR4wDVcqWrEg9AkiCCRsd7u8oIvVJfVLXCV1eYyTFHg31nAnw!!,
1845,벼 무복토 육묘 기술,BS000000038827,https://nongsaro.go.kr/portal/bsFileDownload.do?ep=a5gb/CMEYLclIUPoWw9/DZpAzn2z8@sWTCNA5pR4wDUhx95e4Wg86rFPwfVAGOtcVJfVLXCV1eYyTFHg31nAnw!!,
1844,"한 해 인삼농사 시작, 봄철 밭 관리부터",BS000000038821,https://nongsaro.go.kr/portal/bsFileDownload.do?ep=a5gb/CMEYLclIUPoWw9/DZpAzn2z8@sWTCNA5pR4wDXu3lCQTiR@xYX/UBJuauu3VJfVLXCV1eYyTFHg31nAnw!!,
1843,"고구마 한해 농사, 못자리에서부터 시작",BS000000038811,https://nongsaro.go.kr/portal/bsFileDownload.do?ep=a5gb/CMEYLclIUPoWw9/DZpAzn2z8@sWTCNA5pR4wDWtmltuag4@FnM6H6xSx2WJVJfVLXCV1eYyTFHg31nAnw!!,
1842,추위 견디고 다시 자라는 마늘‧양파 관리 요령,BS000000038803,https://nongsaro.go.kr/portal/bsFileDownload.do?ep=a5gb/CMEYLclIUPoWw9/DZpAzn2z8@sWTCNA5pR4wDVH3iEWbH5DufS0zvgsJBI/VJfVLXCV1eYyTFHg31nAnw!!,
1841,화분매개용 스마트벌통 개발,BS000000038790,https://nongsaro.go.kr/portal/bsFileDownload.do?ep=a5gb/CMEYLclIUPoWw9/DZpAzn2z8@sWTCNA5pR4wDVcquKKFKhwZ5dMnSgC4L5oM4Wr0O2GCVe5xk9xg53YuA!!,
1840,봄철 분갈이 요령,BS000000038777,https://nongsaro.go.kr/portal/bsFileDownload.do?ep=a5gb/CMEYLclIUPoWw9/DZpAzn2z8@sWTCNA5pR4wDXAyqio5f4hFsaj5ycT4JYDr/BD1mimyxS24DCPRsGqxQ!!,
1839,봄 감자 안정재배를 위한 씨감자 관리 요령,BS000000038767,https://nongsaro.go.kr/portal/bsFileDownload.do?ep=a5gb/CMEYLclIUPoWw9/DZpAzn2z8@sWTCNA5pR4wDUTowAGmUTQY@9JjoknrJ47VJfVLXCV1eYyTFHg31nAnw!!,
1838,겨울나기 한 과원 병해충 방제 요령,BS000000038760,https://nongsaro.go.kr/portal/bsFileDownload.do?ep=a5gb/CMEYLclIUPoWw9/DZpAzn2z8@sWTCNA5pR4wDXRP9dJFOySbUvynCGqZxl2VJfVLXCV1eYyTFHg31nAnw!!,
1837,겨울철 가지치기할 때 화상병 의심증상 발견시 즉시 신고,BS000000038748,https://nongsaro.go.kr/portal/bsFileDownload.do?ep=a5gb/CMEYLclIUPoWw9/DZpAzn2z8@sWTCNA5pR4wDVIW9kNkZidtZ14yLycnz@wVJfVLXCV1eYyTFHg31nAnw!!,
1836,"가을에 놓친 사료 맥류 씨뿌림, 봄에도 가능해요",BS000000038742,https://nongsaro.go.kr/portal/bsFileDownload.do?ep=a5gb/CMEYLclIUPoWw9/DZpAzn2z8@sWTCNA5pR4wDUQGdpzI/olaQRc0veCbZHnr/BD1mimyxS24DCPRsGqxQ!!,
1835,염소 집중관리로 농가 소득 높여요,BS000000038734,https://nongsaro.go.kr/portal/bsFileDownload.do?ep=a5gb/CMEYLclIUPoWw9/DZpAzn2z8@sWTCNA5pR4wDWXu0fuJYcl5gnTXQi@m/s6r/BD1mimyxS24DCPRsGqxQ!!,
1834,맥류 생육재생기 포장관리 및 봄 파종,BS000000038724,https://nongsaro.go.kr/portal/bsFileDownload.do?ep=a5gb/CMEYLclIUPoWw9/DZpAzn2z8@sWTCNA5pR4wDUJKJ9p97@gyplIyV6dgDVjr/BD1mimyxS24DCPRsGqxQ!!,
1833,2023년 농업 및 농가경제 동향과 전망,BS000000038715,https://nongsaro.go.kr/portal/bsFileDownload.do?ep=a5gb/CMEYLclIUPoWw9/DZpAzn2z8@sWTCNA5pR4wDVP3U4Wxt1NkRddo62E9@LSVJfVLXCV1eYyTFHg31nAnw!!,
1832,열풍 이용 건초 생산 시스템,BS000000038706,https://nongsaro.go.kr/portal/bsFileDownload.do?ep=a5gb/CMEYLclIUPoWw9/DZpAzn2z8@sWTCNA5pR4wDVBgCNZWvORcaSZAbU39EIir/BD1mimyxS24DCPRsGqxQ!!,
1831,"소비자 약용작물 고를 때 효능, 원산지 고려해",BS000000038694,https://nongsaro.go.kr/portal/bsFileDownload.do?ep=a5gb/CMEYLclIUPoWw9/DZpAzn2z8@sWTCNA5pR4wDVdStAtD3AfFIdULLpmYsCLVJfVLXCV1eYyTFHg31nAnw!!,
1829,기습 한파로 인한 과일나무 언 피해 주의,BS000000038674,https://nongsaro.go.kr/portal/bsFileDownload.do?ep=a5gb/CMEYLclIUPoWw9/DZpAzn2z8@sWTCNA5pR4wDXqmMNclAWZGt1tDGr7LWO1VJfVLXCV1eYyTFHg31nAnw!!,
1828,곰취 겨울철 조기 재배 요령,BS000000038657,https://nongsaro.go.kr/portal/bsFileDownload.do?ep=a5gb/CMEYLclIUPoWw9/DZpAzn2z8@sWTCNA5pR4wDUnY169nPc/jNiC5daRY1fnVJfVLXCV1eYyTFHg31nAnw!!,
1827,2023년 농업정책 이렇게 달라집니다,BS000000038641,https://nongsaro.go.kr/portal/bsFileDownload.do?ep=a5gb/CMEYLclIUPoWw9/DZpAzn2z8@sWTCNA5pR4wDUPgc9Qz2XVFXa6XfmCkQlQVJfVLXCV1eYyTFHg31nAnw!!,
1826,겨울철 소 버짐병 접촉감염 조심해야,BS000000038635,https://nongsaro.go.kr/portal/bsFileDownload.do?ep=a5gb/CMEYLclIUPoWw9/DZpAzn2z8@sWTCNA5pR4wDXsKvgDrvd8UR5wibE5KdNxVJfVLXCV1eYyTFHg31nAnw!!,
1825,수확기 빠른 국산 감귤 농가 효자 노릇 톡톡,BS000000038629,https://nongsaro.go.kr/portal/bsFileDownload.do?ep=a5gb/CMEYLclIUPoWw9/DZpAzn2z8@sWTCNA5pR4wDVhcW/Z59Xn5t4H@2qHl9KJVJfVLXCV1eYyTFHg31nAnw!!,
1824,"고기 살 때, 소고기 등급, 돼지고기 육색 본다",BS000000038625,https://nongsaro.go.kr/portal/bsFileDownload.do?ep=a5gb/CMEYLclIUPoWw9/DZpAzn2z8@sWTCNA5pR4wDUtm33@h7fJEs7vK3yui9Fwr/BD1mimyxS24DCPRsGqxQ!!,
1822,고유가 시기 시설원예 에너지 절감 기술,BS000000038160,https://nongsaro.go.kr/portal/bsFileDownload.do?ep=a5gb/CMEYLclIUPoWw9/DZpAzn2z8@sWTCNA5pR4wDUaj1Jl9Obw5HHHxPW3Te/pVJfVLXCV1eYyTFHg31nAnw!!,
1821,재활용 PET 병을 활용한 심지관수 실내정원 만들기,BS000000038124,https://nongsaro.go.kr/portal/bsFileDownload.do?ep=a5gb/CMEYLclIUPoWw9/DZpAzn2z8@sWTCNA5pR4wDWZIlIuBvsdgRMAapcS3c2aVJfVLXCV1eYyTFHg31nAnw!!,
1820,월동 전 배 과수원 해충관리기술,BS000000038115,https://nongsaro.go.kr/portal/bsFileDownload.do?ep=a5gb/CMEYLclIUPoWw9/DZpAzn2z8@sWTCNA5pR4wDUtmulHQLXhbZe3jQ7RFuMRVJfVLXCV1eYyTFHg31nAnw!!,
1819,완두 안정생산 재배기술,BS000000038088,https://nongsaro.go.kr/portal/bsFileDownload.do?ep=a5gb/CMEYLclIUPoWw9/DZpAzn2z8@sWTCNA5pR4wDVhkyaaXRJOHBPrls4AJLquNXhB@s52gwCpIxf3mKXPWQ!!,
1818,기능성 산채 어수리 종자 채종부터 재배까지,BS000000038063,https://nongsaro.go.kr/portal/bsFileDownload.do?ep=a5gb/CMEYLclIUPoWw9/DZpAzn2z8@sWTCNA5pR4wDWg0FfTwRCEgHByA7mzn3M2VJfVLXCV1eYyTFHg31nAnw!!,
1817,농업 외길 걸어온 명인들 2022년 대한민국 최고농업기술명인 선발,BS000000038057,https://nongsaro.go.kr/portal/bsFileDownload.do?ep=a5gb/CMEYLclIUPoWw9/DZpAzn2z8@sWTCNA5pR4wDVBjR1hady@EyCzzvKmFO8xVJfVLXCV1eYyTFHg31nAnw!!,
1816,다수확 고품질 메밀 안정 생산을 위한 재배관리기술,BS000000038021,https://nongsaro.go.kr/portal/bsFileDownload.do?ep=a5gb/CMEYLclIUPoWw9/DZpAzn2z8@sWTCNA5pR4wDXaNWn6fbpW9dyI5nPfBlcIr/BD1mimyxS24DCPRsGqxQ!!,
1815,안정적인 월동 무 재배 기술,BS000000038002,https://nongsaro.go.kr/portal/bsFileDownload.do?ep=a5gb/CMEYLclIUPoWw9/DZpAzn2z8@sWTCNA5pR4wDWMcrslxJ5dUHlUhirjr2AMzikZYGMo0Hz8ayNFiXs3DQ!!,
1814,가축질병특별방역기간 차단방역 요령,BS000000037996,https://nongsaro.go.kr/portal/bsFileDownload.do?ep=a5gb/CMEYLclIUPoWw9/DZpAzn2z8@sWTCNA5pR4wDVSIEICKdb3xm8I6i1ORvRszikZYGMo0Hz8ayNFiXs3DQ!!,
1813,쌀 더 오래 맛있게 먹을 수 있는 방법,BS000000037967,https://nongsaro.go.kr/portal/bsFileDownload.do?ep=a5gb/CMEYLclIUPoWw9/DZpAzn2z8@sWTCNA5pR4wDWrj2LvvGbQX9jZOdQXbl6tVJfVLXCV1eYyTFHg31nAnw!!,
1812,가을배추 병 피해 방제,BS000000037949,https://nongsaro.go.kr/portal/bsFileDownload.do?ep=a5gb/CMEYLclIUPoWw9/DZpAzn2z8@sWTCNA5pR4wDV0EOBK8MdH@4fX0KHIorJ9VJfVLXCV1eYyTFHg31nAnw!!,
1811,"알콩달콩 익어가는 콩, 수확 전후 관리",BS000000037916,https://nongsaro.go.kr/portal/bsFileDownload.do?ep=a5gb/CMEYLclIUPoWw9/DZpAzn2z8@sWTCNA5pR4wDVc9r63vC90hgAi3sGijFetVJfVLXCV1eYyTFHg31nAnw!!,
1810,"면역력 약한 어린 가축, 환절기 건강관리",BS000000037900,https://nongsaro.go.kr/portal/bsFileDownload.do?ep=a5gb/CMEYLclIUPoWw9/DZpAzn2z8@sWTCNA5pR4wDXVxdpjQb9W9VxCE0HW0XwAVJfVLXCV1eYyTFHg31nAnw!!,
1809,겨울 경관작물 종류와 파종 시기,BS000000037841,https://nongsaro.go.kr/portal/bsFileDownload.do?ep=a5gb/CMEYLclIUPoWw9/DZpAzn2z8@sWTCNA5pR4wDUEKVBLyOYWb1fE5MTe1SRaVJfVLXCV1eYyTFHg31nAnw!!,
1808,부담 없이 즐길 수 있는 우리 전통주 만들기,BS000000037833,https://nongsaro.go.kr/portal/bsFileDownload.do?ep=a5gb/CMEYLclIUPoWw9/DZpAzn2z8@sWTCNA5pR4wDVQG36H1ZOYaxGSQTr0uXoYVJfVLXCV1eYyTFHg31nAnw!!,
1807,현장에서 찾은 목장형 유제품 생산 농가 경영 노하우,BS000000037825,https://nongsaro.go.kr/portal/bsFileDownload.do?ep=a5gb/CMEYLclIUPoWw9/DZpAzn2z8@sWTCNA5pR4wDWwamwKv6Tu3nrGf5aBiRPbr/BD1mimyxS24DCPRsGqxQ!!,
1806,"질소비료 깊이 주면 흡수율 높아지고, 암모니아 배출 없어",BS000000037819,https://nongsaro.go.kr/portal/bsFileDownload.do?ep=a5gb/CMEYLclIUPoWw9/DZpAzn2z8@sWTCNA5pR4wDWjXp66KJ9wTt9NHXp5ex5EzikZYGMo0Hz8ayNFiXs3DQ!!,
1805,달걀 ‧ 닭고기 건강하게 먹어볼까?,BS000000037801,https://nongsaro.go.kr/portal/bsFileDownload.do?ep=a5gb/CMEYLclIUPoWw9/DZpAzn2z8@sWTCNA5pR4wDWOngXg6Y8gpIJEmGIVz4PiVJfVLXCV1eYyTFHg31nAnw!!,
1804,겨울철 딸기‧수박 화분 매개용 벌 지금부터 준비하세요,BS000000037778,https://nongsaro.go.kr/portal/bsFileDownload.do?ep=a5gb/CMEYLclIUPoWw9/DZpAzn2z8@sWTCNA5pR4wDWCI2pkvfa45tZiqXVwiNciVJfVLXCV1eYyTFHg31nAnw!!,
1803,"코로나19 2년간, 우리 식생활은 어떻게 바뀌었나?",BS000000037767,https://nongsaro.go.kr/portal/bsFileDownload.do?ep=a5gb/CMEYLclIUPoWw9/DZpAzn2z8@sWTCNA5pR4wDU1crhUWqrUkMn1477gwzuGVJfVLXCV1eYyTFHg31nAnw!!,
1802,올가을 수확한 인삼으로 건강 챙기기,BS000000037737,https://nongsaro.go.kr/portal/bsFileDownload.do?ep=a5gb/CMEYLclIUPoWw9/DZpAzn2z8@sWTCNA5pR4wDWii@Pwom/RF9Mqr7i3RKG/VJfVLXCV1eYyTFHg31nAnw!!,
1801,향과 영양이 뛰어난 약용작물 간편하게 즐기기,BS000000037709,https://nongsaro.go.kr/portal/bsFileDownload.do?ep=a5gb/CMEYLclIUPoWw9/DZpAzn2z8@sWTCNA5pR4wDVPsgnyQ3p/CgMkcP96Vta2r/BD1mimyxS24DCPRsGqxQ!!,
1800,약용작물 고온 피해 막는‘저온성 멀칭 필름’개발,BS000000037683,https://nongsaro.go.kr/portal/bsFileDownload.do?ep=a5gb/CMEYLclIUPoWw9/DZpAzn2z8@sWTCNA5pR4wDVgQsrbUCMbBEEUzuc2EM2wVJfVLXCV1eYyTFHg31nAnw!!,
1799,특유의 향과 맛의 생강,BS000000037662,https://nongsaro.go.kr/portal/bsFileDownload.do?ep=a5gb/CMEYLclIUPoWw9/DZpAzn2z8@sWTCNA5pR4wDXlkWaPplbmpIlMRop9MU6RVJfVLXCV1eYyTFHg31nAnw!!,
1798,블루베리 방화곤충 사용 및 수분수 선택,BS000000037645,https://nongsaro.go.kr/portal/bsFileDownload.do?ep=a5gb/CMEYLclIUPoWw9/DZpAzn2z8@sWTCNA5pR4wDUeIfjgjRGvTsDEHpicNlbOzikZYGMo0Hz8ayNFiXs3DQ!!,
1797,기능성 성분이 풍부한 상큼·달콤한 풋귤,BS000000037638,https://nongsaro.go.kr/portal/bsFileDownload.do?ep=a5gb/CMEYLclIUPoWw9/DZpAzn2z8@sWTCNA5pR4wDWV1H5cUvbT1NjwWuUKSK8XVJfVLXCV1eYyTFHg31nAnw!!,
1796,건전한 콩 종자 생산을 위한 주요 병해충 특징 및 관리 방법,BS000000037629,https://nongsaro.go.kr/portal/bsFileDownload.do?ep=a5gb/CMEYLclIUPoWw9/DZpAzn2z8@sWTCNA5pR4wDWf6asxKK8m6B2cQ868/1QHVJfVLXCV1eYyTFHg31nAnw!!,
1795,들깨에 피해를 주는 애긴노린재,BS000000037617,https://nongsaro.go.kr/portal/bsFileDownload.do?ep=a5gb/CMEYLclIUPoWw9/DZpAzn2z8@sWTCNA5pR4wDXQ2/gYhXvQ6f8mpqPS8gGnVJfVLXCV1eYyTFHg31nAnw!!,
1794,이른 추석에 맛보는 우리 사과·배,BS000000037611,https://nongsaro.go.kr/portal/bsFileDownload.do?ep=a5gb/CMEYLclIUPoWw9/DZpAzn2z8@sWTCNA5pR4wDU1HFLLojrIpAwlKDPJrQ0uVJfVLXCV1eYyTFHg31nAnw!!,
1793,인삼 소형터널식 내재해형 해가림 시설,BS000000037460,https://nongsaro.go.kr/portal/bsFileDownload.do?ep=a5gb/CMEYLclIUPoWw9/DZpAzn2z8@sWTCNA5pR4wDVhN9W6yl8JCMgCbV4@XeLnVJfVLXCV1eYyTFHg31nAnw!!,
1792,배 열과 발생원인 및 방지 대책,BS000000037374,https://nongsaro.go.kr/portal/bsFileDownload.do?ep=a5gb/CMEYLclIUPoWw9/DZpAzn2z8@sWTCNA5pR4wDV23F9cJU907ufXPvfz/TR7VJfVLXCV1eYyTFHg31nAnw!!,
1791,벼 생육 후기 이삭에 나타나는 병,BS000000037344,https://nongsaro.go.kr/portal/bsFileDownload.do?ep=a5gb/CMEYLclIUPoWw9/DZpAzn2z8@sWTCNA5pR4wDWec9oTf6hlNs01Yjqc51MwVJfVLXCV1eYyTFHg31nAnw!!,
1790,"장마 이후 사과, 배 과원 해충 방제",BS000000037301,https://nongsaro.go.kr/portal/bsFileDownload.do?ep=a5gb/CMEYLclIUPoWw9/DZpAzn2z8@sWTCNA5pR4wDXN5M5vhHaR8TehbHOmtYkOVJfVLXCV1eYyTFHg31nAnw!!,
1789,여신의 과일 패션프루트,BS000000037252,https://nongsaro.go.kr/portal/bsFileDownload.do?ep=a5gb/CMEYLclIUPoWw9/DZpAzn2z8@sWTCNA5pR4wDVFvAvOxm5E/FBOg1x5/Q2rVJfVLXCV1eYyTFHg31nAnw!!,
1788,오리고기 먹고 건강 챙기기,BS000000037245,https://nongsaro.go.kr/portal/bsFileDownload.do?ep=a5gb/CMEYLclIUPoWw9/DZpAzn2z8@sWTCNA5pR4wDW4cdmIWvZpqUuwDCCzccmSVJfVLXCV1eYyTFHg31nAnw!!,
1787,"보양식 염소고기로 더위 이기고, 건강 돌보고",BS000000037231,https://nongsaro.go.kr/portal/bsFileDownload.do?ep=a5gb/CMEYLclIUPoWw9/DZpAzn2z8@sWTCNA5pR4wDWIF5EDFst0ctsOmwmJ0l77VJfVLXCV1eYyTFHg31nAnw!!,
1786,여름철 시설원예 생산성 높이는 냉방 기술 개발,BS000000037224,https://nongsaro.go.kr/portal/bsFileDownload.do?ep=a5gb/CMEYLclIUPoWw9/DZpAzn2z8@sWTCNA5pR4wDVkEeGv1YWuxgqFoN7e1J9OVJfVLXCV1eYyTFHg31nAnw!!,
1785,여름철 과일의 보약 복숭아,BS000000037208,https://nongsaro.go.kr/portal/bsFileDownload.do?ep=a5gb/CMEYLclIUPoWw9/DZpAzn2z8@sWTCNA5pR4wDXOC@5zPhrXbKLt/EuE0J4FVJfVLXCV1eYyTFHg31nAnw!!,
1784,절화류 신선도 유지를 위한 기술,BS000000037200,https://nongsaro.go.kr/portal/bsFileDownload.do?ep=a5gb/CMEYLclIUPoWw9/DZpAzn2z8@sWTCNA5pR4wDWlFRuwsg1Nbpn0UJSB0Qo2VJfVLXCV1eYyTFHg31nAnw!!,
1783,여름철에 자주 발생하는 벼 병해 방제 요령,BS000000037191,https://nongsaro.go.kr/portal/bsFileDownload.do?ep=a5gb/CMEYLclIUPoWw9/DZpAzn2z8@sWTCNA5pR4wDVLjVuTrreTh5rFR4odIDWnVJfVLXCV1eYyTFHg31nAnw!!,
1782,"폭염, 장마에 따른 과원 관리 기술",BS000000037173,https://nongsaro.go.kr/portal/bsFileDownload.do?ep=a5gb/CMEYLclIUPoWw9/DZpAzn2z8@sWTCNA5pR4wDWvnIBbK3dUE/HxeDEH0epIVJfVLXCV1eYyTFHg31nAnw!!,
1781,빈 공간을 채우는 작은 정원 페트병을 활용한 접시정원 만들기,BS000000037163,https://nongsaro.go.kr/portal/bsFileDownload.do?ep=a5gb/CMEYLclIUPoWw9/DZpAzn2z8@sWTCNA5pR4wDVmh/azpNEzqczLxTfHcdV2VJfVLXCV1eYyTFHg31nAnw!!,
1780,철저한 고온기 대비로 가축을 지키자!,BS000000037040,https://nongsaro.go.kr/portal/bsFileDownload.do?ep=a5gb/CMEYLclIUPoWw9/DZpAzn2z8@sWTCNA5pR4wDWUkr7dtbY96QRyIWlnCPBiVJfVLXCV1eYyTFHg31nAnw!!,
1779,"여름 병충해 발생 대비, 딸기 모종 관리 기술",BS000000037032,https://nongsaro.go.kr/portal/bsFileDownload.do?ep=a5gb/CMEYLclIUPoWw9/DZpAzn2z8@sWTCNA5pR4wDWZ8NveQwl/gcytn83HqLcqVJfVLXCV1eYyTFHg31nAnw!!,
1778,옥수수 적기 수확과 맛있게 먹는 요령,BS000000037013,https://nongsaro.go.kr/portal/bsFileDownload.do?ep=a5gb/CMEYLclIUPoWw9/DZpAzn2z8@sWTCNA5pR4wDWKEPp8OCP59QBRuRUDMVL3VJfVLXCV1eYyTFHg31nAnw!!,
1777,훌쩍 떠나기 좋은 농촌체험 여행지 8선,BS000000037007,https://nongsaro.go.kr/portal/bsFileDownload.do?ep=a5gb/CMEYLclIUPoWw9/DZpAzn2z8@sWTCNA5pR4wDX13Bb4uWTagdmNl7ruh5PGVJfVLXCV1eYyTFHg31nAnw!!,
1776,빅데이터 치유의 관점에서 농업을 보다,BS000000036990,https://nongsaro.go.kr/portal/bsFileDownload.do?ep=a5gb/CMEYLclIUPoWw9/DZpAzn2z8@sWTCNA5pR4wDVqjcflo5oqgFz6FX8dKa3eVJfVLXCV1eYyTFHg31nAnw!!,
1775,"벼 수량과 품질을 떨어뜨리는 먹노린재, 생태와 방제 기술",BS000000036984,https://nongsaro.go.kr/portal/bsFileDownload.do?ep=a5gb/CMEYLclIUPoWw9/DZpAzn2z8@sWTCNA5pR4wDXCfhWeeH6BpJ71C5xBlo05VJfVLXCV1eYyTFHg31nAnw!!,
1774,"고추 담배나방, 초기에 잡으세요.",BS000000036978,https://nongsaro.go.kr/portal/bsFileDownload.do?ep=a5gb/CMEYLclIUPoWw9/DZpAzn2z8@sWTCNA5pR4wDV/7YeZOXxXFiZ7DJmgorqHVJfVLXCV1eYyTFHg31nAnw!!,
1773,여름철 집중호우/태풍 대비 농작물 및 농업시설물 관리요령,BS000000036969,https://nongsaro.go.kr/portal/bsFileDownload.do?ep=a5gb/CMEYLclIUPoWw9/DZpAzn2z8@sWTCNA5pR4wDU5fGRSt989@pAffmvklge5VJfVLXCV1eYyTFHg31nAnw!!,
1772,옥수수 주요해충 조명나방의 생태와 방제,BS000000036957,https://nongsaro.go.kr/portal/bsFileDownload.do?ep=a5gb/CMEYLclIUPoWw9/DZpAzn2z8@sWTCNA5pR4wDXlL@XKE@GqwJ8hQmjYC8LBVJfVLXCV1eYyTFHg31nAnw!!,
1771,참깨에 잘 발생하는 주요 병해충 방제 기술,BS000000036951,https://nongsaro.go.kr/portal/bsFileDownload.do?ep=a5gb/CMEYLclIUPoWw9/DZpAzn2z8@sWTCNA5pR4wDWfZMHRADL50TJlOQmDj6SfVJfVLXCV1eYyTFHg31nAnw!!,
1770,표고버섯 수확 후 관리 기술로 ‘더 오래 싱싱하게’,BS000000036940,https://nongsaro.go.kr/portal/bsFileDownload.do?ep=a5gb/CMEYLclIUPoWw9/DZpAzn2z8@sWTCNA5pR4wDXAQTSm3rJNccQW/7LCcoeeVJfVLXCV1eYyTFHg31nAnw!!,
1769,새로운 식품 원료 수벌 번데기 생산 기술,BS000000036934,https://nongsaro.go.kr/portal/bsFileDownload.do?ep=a5gb/CMEYLclIUPoWw9/DZpAzn2z8@sWTCNA5pR4wDV/n08sdvvINSnN8PKDlNWBVJfVLXCV1eYyTFHg31nAnw!!,
1768,온난화로 미래 과일 재배 지도가 바뀐다.,BS000000036920,https://nongsaro.go.kr/portal/bsFileDownload.do?ep=a5gb/CMEYLclIUPoWw9/DZpAzn2z8@sWTCNA5pR4wDXvQsb98RP9@FcIKftjukPoVJfVLXCV1eYyTFHg31nAnw!!,
1767,"수확 많고·품질 좋은 콩 농사, 준비부터 철저히",BS000000036912,https://nongsaro.go.kr/portal/bsFileDownload.do?ep=a5gb/CMEYLclIUPoWw9/DZpAzn2z8@sWTCNA5pR4wDXOLG/9kf4fsP1RkxEN8SjJr/BD1mimyxS24DCPRsGqxQ!!,
1766,코로나19 전후의 농식품 구매변화,BS000000036893,https://nongsaro.go.kr/portal/bsFileDownload.do?ep=a5gb/CMEYLclIUPoWw9/DZpAzn2z8@sWTCNA5pR4wDX5HoBOtqSpYqBFQjtgd3AcVJfVLXCV1eYyTFHg31nAnw!!,
1765,무굴착 땅속배수로 논에서 밭작물 생산성 쑥쑥,BS000000036846,https://nongsaro.go.kr/portal/bsFileDownload.do?ep=a5gb/CMEYLclIUPoWw9/DZpAzn2z8@sWTCNA5pR4wDVPV624KJEhsdCIHf0F5KUMVJfVLXCV1eYyTFHg31nAnw!!,
1764,인삼 연작장해 줄이는 예정지 토양소독 기술 풋거름작물 재배 → 태양열 소독 → 훈증제 처리,BS000000036838,https://nongsaro.go.kr/portal/bsFileDownload.do?ep=a5gb/CMEYLclIUPoWw9/DZpAzn2z8@sWTCNA5pR4wDVe/EIZw/7gVykMk9wptNhWVJfVLXCV1eYyTFHg31nAnw!!,
1763,"본격적인 영농기, 농기계 사고에 주의하세요",BS000000036778,https://nongsaro.go.kr/portal/bsFileDownload.do?ep=a5gb/CMEYLclIUPoWw9/DZpAzn2z8@sWTCNA5pR4wDXybU5u8RJMJ@Ddn5wcE2vAVJfVLXCV1eYyTFHg31nAnw!!,
1762,봄철 맥류 안정 생산 위한 예찰과 방제,BS000000036734,https://nongsaro.go.kr/portal/bsFileDownload.do?ep=a5gb/CMEYLclIUPoWw9/DZpAzn2z8@sWTCNA5pR4wDVQt4cRbrYhuz/XVWfeThRdVJfVLXCV1eYyTFHg31nAnw!!,
1761,"콩 해충 방제, 겨울나기 한 노린재 포획부터 시작",BS000000036727,https://nongsaro.go.kr/portal/bsFileDownload.do?ep=a5gb/CMEYLclIUPoWw9/DZpAzn2z8@sWTCNA5pR4wDXuIVTU@0Wc4eKyZvpiSsukVJfVLXCV1eYyTFHg31nAnw!!,
1760,매실 해충 복숭아씨살이좀벌 방제 지금부터,BS000000036712,https://nongsaro.go.kr/portal/bsFileDownload.do?ep=a5gb/CMEYLclIUPoWw9/DZpAzn2z8@sWTCNA5pR4wDVbI@Udyp9DYbH0LpMBr62wVJfVLXCV1eYyTFHg31nAnw!!,
1759,돌발해충 평년보다 1~2일 빠르게 방제해야,BS000000036699,https://nongsaro.go.kr/portal/bsFileDownload.do?ep=a5gb/CMEYLclIUPoWw9/DZpAzn2z8@sWTCNA5pR4wDUDo97GDJ/qC73tCcPrJqvQVJfVLXCV1eYyTFHg31nAnw!!,
1758,풋거름 작물 토양 환원하면 1석3조 효과,BS000000036687,https://nongsaro.go.kr/portal/bsFileDownload.do?ep=a5gb/CMEYLclIUPoWw9/DZpAzn2z8@sWTCNA5pR4wDUDMR@ca/V3PZH3R@8fL2pgVJfVLXCV1eYyTFHg31nAnw!!,
1757,"키위, 화분 매개용 꿀벌 사용기술",BS000000036663,https://nongsaro.go.kr/portal/bsFileDownload.do?ep=a5gb/CMEYLclIUPoWw9/DZpAzn2z8@sWTCNA5pR4wDUWbCFy9ZEq8RSZuJxGwXywVJfVLXCV1eYyTFHg31nAnw!!,
1756,황사ㆍ미세먼지 발생하면 하우스 세척해야,BS000000036648,https://nongsaro.go.kr/portal/bsFileDownload.do?ep=a5gb/CMEYLclIUPoWw9/DZpAzn2z8@sWTCNA5pR4wDUCjxd2qkohDvjCslZdj8hFVJfVLXCV1eYyTFHg31nAnw!!,
1755,온라인을 통한 신선농산물 소비 실태조사,BS000000036640,https://nongsaro.go.kr/portal/bsFileDownload.do?ep=a5gb/CMEYLclIUPoWw9/DZpAzn2z8@sWTCNA5pR4wDXfHG0G3UFcmjODsLPkkbPTVJfVLXCV1eYyTFHg31nAnw!!,
1754,논에서 발생하는 메탄 줄이기,BS000000036629,https://nongsaro.go.kr/portal/bsFileDownload.do?ep=a5gb/CMEYLclIUPoWw9/DZpAzn2z8@sWTCNA5pR4wDWeUHQgmN5czuzpVsF89nOKr/BD1mimyxS24DCPRsGqxQ!!,
1753,봄철 사과나무 괴롭히는 나무좀 예방,BS000000036621,https://nongsaro.go.kr/portal/bsFileDownload.do?ep=a5gb/CMEYLclIUPoWw9/DZpAzn2z8@sWTCNA5pR4wDWHYBPriogblBveh4hvnc4rVJfVLXCV1eYyTFHg31nAnw!!,
1752,양파 노균병 확산 주의 지금 방제하세요,BS000000036608,https://nongsaro.go.kr/portal/bsFileDownload.do?ep=a5gb/CMEYLclIUPoWw9/DZpAzn2z8@sWTCNA5pR4wDXjtyg2spLaPZmk98oRhZ9uVJfVLXCV1eYyTFHg31nAnw!!,
1751,세계중요농업유산 모니터링과 평가 안내서,BS000000036602,https://nongsaro.go.kr/portal/bsFileDownload.do?ep=a5gb/CMEYLclIUPoWw9/DZpAzn2z8@sWTCNA5pR4wDX0vJZcLnWG872RnfV4AGzqVJfVLXCV1eYyTFHg31nAnw!!,
1750,플럼코트 인공수분 이렇게,BS000000036572,https://nongsaro.go.kr/portal/bsFileDownload.do?ep=a5gb/CMEYLclIUPoWw9/DZpAzn2z8@sWTCNA5pR4wDWlIyjobkHSWOTiwEeHZ6//VJfVLXCV1eYyTFHg31nAnw!!,
1749,"친환경 텃밭, 취향대로 가꿔 보세요",BS000000036566,https://nongsaro.go.kr/portal/bsFileDownload.do?ep=a5gb/CMEYLclIUPoWw9/DZpAzn2z8@sWTCNA5pR4wDXIe7c52WBUwU4p8Wn3gV5CVJfVLXCV1eYyTFHg31nAnw!!,
1748,"벼키다리병, 벼잎선충 예방은 볍씨소독을 잘해야",BS000000036560,https://nongsaro.go.kr/portal/bsFileDownload.do?ep=a5gb/CMEYLclIUPoWw9/DZpAzn2z8@sWTCNA5pR4wDUUZwwZYUb9wMeKt8R5uWQqVJfVLXCV1eYyTFHg31nAnw!!,
1747,미네랄블록 급여 효과,BS000000036546,https://nongsaro.go.kr/portal/bsFileDownload.do?ep=a5gb/CMEYLclIUPoWw9/DZpAzn2z8@sWTCNA5pR4wDUEcRAepES7KV1xTi4h3neur/BD1mimyxS24DCPRsGqxQ!!,
1746,딸기 우량 모종 생산은 어미 묘 관리부터,BS000000036529,https://nongsaro.go.kr/portal/bsFileDownload.do?ep=a5gb/CMEYLclIUPoWw9/DZpAzn2z8@sWTCNA5pR4wDUgQy6LeL/vtcsySxzevX0YVJfVLXCV1eYyTFHg31nAnw!!,
1745,"봄의 불청객 춘곤증, 영양만점 봄나물로 극복하자",BS000000036521,https://nongsaro.go.kr/portal/bsFileDownload.do?ep=a5gb/CMEYLclIUPoWw9/DZpAzn2z8@sWTCNA5pR4wDXmuF3foY7wiDE1@KNiypUTVJfVLXCV1eYyTFHg31nAnw!!,
1744,완전 부숙된 퇴비 사용이 안전 농산물 생산의 첫걸음,BS000000036510,https://nongsaro.go.kr/portal/bsFileDownload.do?ep=a5gb/CMEYLclIUPoWw9/DZpAzn2z8@sWTCNA5pR4wDWe1SQ0WLL8zZTccd6xkDysVJfVLXCV1eYyTFHg31nAnw!!,
1743,참당귀 백색 비닐 멀칭 재배,BS000000036503,https://nongsaro.go.kr/portal/bsFileDownload.do?ep=a5gb/CMEYLclIUPoWw9/DZpAzn2z8@sWTCNA5pR4wDUmIvDfCCFSQFgWZsYqEoOIVJfVLXCV1eYyTFHg31nAnw!!,
1742,봄철 풀사료 생산에는 귀리가 최고,BS000000036491,https://nongsaro.go.kr/portal/bsFileDownload.do?ep=a5gb/CMEYLclIUPoWw9/DZpAzn2z8@sWTCNA5pR4wDVtHURwIdCLHy7miE3gMggtVJfVLXCV1eYyTFHg31nAnw!!,
1741,독특한 향의 쌈채소 들깨 모든 재배과정 기계작업 가능해졌습니다,BS000000036485,https://nongsaro.go.kr/portal/bsFileDownload.do?ep=a5gb/CMEYLclIUPoWw9/DZpAzn2z8@sWTCNA5pR4wDUgRrmsTdxlqdWPHJTxZgmSVJfVLXCV1eYyTFHg31nAnw!!,
1740,감초 재배에 유리한 기후조건,BS000000036462,https://nongsaro.go.kr/portal/bsFileDownload.do?ep=a5gb/CMEYLclIUPoWw9/DZpAzn2z8@sWTCNA5pR4wDV9YXJJKT5SpzvWcyH4NLLWnM@PwCp/wIoz5K1zWGBVHg!!,
1739,"봄감자, 그늘에서 싹 틔운 후 심으세요",BS000000036456,https://nongsaro.go.kr/portal/bsFileDownload.do?ep=a5gb/CMEYLclIUPoWw9/DZpAzn2z8@sWTCNA5pR4wDVaKpBiyj27nTdW5XB4WvZwr/BD1mimyxS24DCPRsGqxQ!!,
1738,눈으로 즐기는 꽃사과 키워보세요,BS000000036444,https://nongsaro.go.kr/portal/bsFileDownload.do?ep=a5gb/CMEYLclIUPoWw9/DZpAzn2z8@sWTCNA5pR4wDXwSx6PZy081EH4srhsQYnXM4Wr0O2GCVe5xk9xg53YuA!!,
1737,코로나19 이후 축산물 소비 어떻게 달라졌을까?,BS000000036431,https://nongsaro.go.kr/portal/bsFileDownload.do?ep=a5gb/CMEYLclIUPoWw9/DZpAzn2z8@sWTCNA5pR4wDXMaID5Tz8d3rT6fXzgo9@7VJfVLXCV1eYyTFHg31nAnw!!,
1736,겨울나기 하는 사과 해충 관리 기술,BS000000036398,https://nongsaro.go.kr/portal/bsFileDownload.do?ep=a5gb/CMEYLclIUPoWw9/DZpAzn2z8@sWTCNA5pR4wDVmxpLPB/Cbpu4k55CwVHVHVJfVLXCV1eYyTFHg31nAnw!!,
1735,겨울잠에서 깬 과수 언 피해 주의하세요.,BS000000036392,https://nongsaro.go.kr/portal/bsFileDownload.do?ep=a5gb/CMEYLclIUPoWw9/DZpAzn2z8@sWTCNA5pR4wDWYpy0uiiNlBHitp2YLxXONVJfVLXCV1eYyTFHg31nAnw!!,
1734,겨울철 시설하우스 안전 관리 요령,BS000000036376,https://nongsaro.go.kr/portal/bsFileDownload.do?ep=a5gb/CMEYLclIUPoWw9/DZpAzn2z8@sWTCNA5pR4wDVaV3vtjWZ@afq5ruxT11LwVJfVLXCV1eYyTFHg31nAnw!!,
1733,감귤 알고 먹으면 더 맛있다.,BS000000036368,https://nongsaro.go.kr/portal/bsFileDownload.do?ep=a5gb/CMEYLclIUPoWw9/DZpAzn2z8@sWTCNA5pR4wDUOugZBSRnpzRaGq4TbT7GpVJfVLXCV1eYyTFHg31nAnw!!,
1732,달콤한 맛의 매력 우리 팥,BS000000036362,https://nongsaro.go.kr/portal/bsFileDownload.do?ep=a5gb/CMEYLclIUPoWw9/DZpAzn2z8@sWTCNA5pR4wDWyQi6HczuloejQ5EobVrfDVJfVLXCV1eYyTFHg31nAnw!!,
1731,비료 적정 사용은 토양검정이 기본 흙토람 비료사용처방서로 비료 사용 절감,BS000000036352,https://nongsaro.go.kr/portal/bsFileDownload.do?ep=a5gb/CMEYLclIUPoWw9/DZpAzn2z8@sWTCNA5pR4wDX53a83Oavc2TmBxo9cSm@gr/BD1mimyxS24DCPRsGqxQ!!,
1730,늘어나는 귀농귀촌,BS000000036005,https://nongsaro.go.kr/portal/bsFileDownload.do?ep=a5gb/CMEYLclIUPoWw9/DZpAzn2z8@sWTCNA5pR4wDWkGU3CBVvEP0ZtSHnrk64LVJfVLXCV1eYyTFHg31nAnw!!,
1729,최적 생육 모델을 이용한 느타리버섯 스마트팜 재배 기술,BS000000035999,https://nongsaro.go.kr/portal/bsFileDownload.do?ep=a5gb/CMEYLclIUPoWw9/DZpAzn2z8@sWTCNA5pR4wDUH35Z2WVU2AMVfB8W7wSm8VJfVLXCV1eYyTFHg31nAnw!!,
1728,몸에 좋은 도라지 사포닌 성분을 높이는 간편한 방법,BS000000035991,https://nongsaro.go.kr/portal/bsFileDownload.do?ep=a5gb/CMEYLclIUPoWw9/DZpAzn2z8@sWTCNA5pR4wDVw/fsq1nwrdnWTLvoS5KJdVJfVLXCV1eYyTFHg31nAnw!!,
1727,소비자 입맛을 유혹하는 국산 과일 품종들,BS000000035947,https://nongsaro.go.kr/portal/bsFileDownload.do?ep=a5gb/CMEYLclIUPoWw9/DZpAzn2z8@sWTCNA5pR4wDXiSVpF1EpspRUjom1fLsqKVJfVLXCV1eYyTFHg31nAnw!!,
1726,소비자 선호도에 부흥하는 이브의 과일 자두 변신,BS000000035858,https://nongsaro.go.kr/portal/bsFileDownload.do?ep=a5gb/CMEYLclIUPoWw9/DZpAzn2z8@sWTCNA5pR4wDUcy4B/VkcyIwbATYHu8VNYVJfVLXCV1eYyTFHg31nAnw!!,
1725,빅데이터로 알아보는 디지털농업,BS000000035842,https://nongsaro.go.kr/portal/bsFileDownload.do?ep=a5gb/CMEYLclIUPoWw9/DZpAzn2z8@sWTCNA5pR4wDX@Im1/i2RlJoHaVG7LEzBdVJfVLXCV1eYyTFHg31nAnw!!,
1724,겨울철 시설채소 병해충 관리,BS000000035824,https://nongsaro.go.kr/portal/bsFileDownload.do?ep=a5gb/CMEYLclIUPoWw9/DZpAzn2z8@sWTCNA5pR4wDVLYpgM6p1gdYTutvqi369@VJfVLXCV1eYyTFHg31nAnw!!,
1723,약용작물 홍화 재배 기술,BS000000035818,https://nongsaro.go.kr/portal/bsFileDownload.do?ep=a5gb/CMEYLclIUPoWw9/DZpAzn2z8@sWTCNA5pR4wDX7oVnbloEf3S6zxz6E8QaqVJfVLXCV1eYyTFHg31nAnw!!,
1722,2022년 새해농업인실용교육 안내,BS000000035799,https://nongsaro.go.kr/portal/bsFileDownload.do?ep=a5gb/CMEYLclIUPoWw9/DZpAzn2z8@sWTCNA5pR4wDUropwtkqUZqNm/C2ooo4C@VJfVLXCV1eYyTFHg31nAnw!!,
1721,로컬푸트 매장이 급격히 늘어나고 있습니다.,BS000000035793,https://nongsaro.go.kr/portal/bsFileDownload.do?ep=a5gb/CMEYLclIUPoWw9/DZpAzn2z8@sWTCNA5pR4wDXFaYMZWZyR3PrwJOAZf6E@VJfVLXCV1eYyTFHg31nAnw!!,
1720,돼지에게 놀이기구 주면 몸무게 늘고 덜 싸워,BS000000035732,https://nongsaro.go.kr/portal/bsFileDownload.do?ep=a5gb/CMEYLclIUPoWw9/DZpAzn2z8@sWTCNA5pR4wDWXduGDgFb7haCrvAFerAV5VJfVLXCV1eYyTFHg31nAnw!!,
1719,당분이 높고 영양가 높은 잠두 안정 생산 재배기술,BS000000035680,https://nongsaro.go.kr/portal/bsFileDownload.do?ep=a5gb/CMEYLclIUPoWw9/DZpAzn2z8@sWTCNA5pR4wDUhNej@C@OCq9Nt3SyF0dLbVJfVLXCV1eYyTFHg31nAnw!!,
1718,잎들깨 수경재배 수확량'쑥' 노동력'뚝',BS000000035551,https://nongsaro.go.kr/portal/bsFileDownload.do?ep=a5gb/CMEYLclIUPoWw9/DZpAzn2z8@sWTCNA5pR4wDU5fXKboaLWAWqH6WBPawTgVJfVLXCV1eYyTFHg31nAnw!!,
1717,휴경지에 경관작물 재배시 얻을 수 있는 효과,BS000000035541,https://nongsaro.go.kr/portal/bsFileDownload.do?ep=a5gb/CMEYLclIUPoWw9/DZpAzn2z8@sWTCNA5pR4wDXRzeqTtWJEzEBKH3dkTJTOVJfVLXCV1eYyTFHg31nAnw!!,
1716,배수로 작업과 퇴·액비 주기 권장 겨울철 사료작물 월동 전 관리 요령,BS000000035535,https://nongsaro.go.kr/portal/bsFileDownload.do?ep=a5gb/CMEYLclIUPoWw9/DZpAzn2z8@sWTCNA5pR4wDXLn@Hb/1O/xK8u0EUR4T@7VJfVLXCV1eYyTFHg31nAnw!!,
1714,관상용으로 좋고 기능성도 높은 작약 재배기술,BS000000035192,https://nongsaro.go.kr/portal/bsFileDownload.do?ep=a5gb/CMEYLclIUPoWw9/DZpAzn2z8@sWTCNA5pR4wDUzIvUjiCzZ9P7@9EQGz1mSVJfVLXCV1eYyTFHg31nAnw!!,
1713,빅데이터로 알아보는 가을 배추,BS000000034826,https://nongsaro.go.kr/portal/bsFileDownload.do?ep=a5gb/CMEYLclIUPoWw9/DZpAzn2z8@sWTCNA5pR4wDWDmNd5PqXKrJKJ7aiTISpnVJfVLXCV1eYyTFHg31nAnw!!,
1712,아열대작물 차요테 고품질 안정 생산 기술,BS000000034820,https://nongsaro.go.kr/portal/bsFileDownload.do?ep=a5gb/CMEYLclIUPoWw9/DZpAzn2z8@sWTCNA5pR4wDVktRGzerqgq2CwxFzXwXa5VJfVLXCV1eYyTFHg31nAnw!!,
1711,우리 기름 삼총사를 아십니까?,BS000000034748,https://nongsaro.go.kr/portal/bsFileDownload.do?ep=a5gb/CMEYLclIUPoWw9/DZpAzn2z8@sWTCNA5pR4wDXVm33a7TNR4ixbVOcUCRImVJfVLXCV1eYyTFHg31nAnw!!,
1710,낙농인의 노동력을 절감하는 로봇착유기 국산화 시대 열렸다,BS000000034526,https://nongsaro.go.kr/portal/bsFileDownload.do?ep=a5gb/CMEYLclIUPoWw9/DZpAzn2z8@sWTCNA5pR4wDVDEdepp@4tk5t9uBZznKgJVJfVLXCV1eYyTFHg31nAnw!!,
1709,단백질이 풍부한 풀무치 식용곤충 인정,BS000000034441,https://nongsaro.go.kr/portal/bsFileDownload.do?ep=a5gb/CMEYLclIUPoWw9/DZpAzn2z8@sWTCNA5pR4wDUol/dH2gpWfljeqLvexbgvVJfVLXCV1eYyTFHg31nAnw!!,
1708,빅데이터로 알아보는 대체육,BS000000034435,https://nongsaro.go.kr/portal/bsFileDownload.do?ep=a5gb/CMEYLclIUPoWw9/DZpAzn2z8@sWTCNA5pR4wDWx8z0fFDLyo1skC@/NXYddr/BD1mimyxS24DCPRsGqxQ!!,
1707,닮은꼴 가을 약초 헷갈리지 마세요,BS000000034411,https://nongsaro.go.kr/portal/bsFileDownload.do?ep=a5gb/CMEYLclIUPoWw9/DZpAzn2z8@sWTCNA5pR4wDXNKiYgXg7RHGdpzzLd40V4VJfVLXCV1eYyTFHg31nAnw!!,
1704,흑삼 경제적인 제조 기술 개발,BS000000034280,https://nongsaro.go.kr/portal/bsFileDownload.do?ep=a5gb/CMEYLclIUPoWw9/DZpAzn2z8@sWTCNA5pR4wDVMyTKe5@HlYoKjoc3GxkfeVJfVLXCV1eYyTFHg31nAnw!!,
1703,밀·보리 제때 씨뿌림 시기가 달라졌어요,BS000000034273,https://nongsaro.go.kr/portal/bsFileDownload.do?ep=a5gb/CMEYLclIUPoWw9/DZpAzn2z8@sWTCNA5pR4wDX3VJCXNXkTG8ZGTqp//0q@VJfVLXCV1eYyTFHg31nAnw!!,
1702,토란 수확 후 저장 가공과 맛있게 먹는 법,BS000000034254,https://nongsaro.go.kr/portal/bsFileDownload.do?ep=a5gb/CMEYLclIUPoWw9/DZpAzn2z8@sWTCNA5pR4wDVoUy8ByMD4PwOqo2N5JeEtVJfVLXCV1eYyTFHg31nAnw!!,
1701,남극세종기지 실내농장엔 오이· 수박 주렁주렁,BS000000034232,https://nongsaro.go.kr/portal/bsFileDownload.do?ep=a5gb/CMEYLclIUPoWw9/DZpAzn2z8@sWTCNA5pR4wDVgXe4nHell6VxM9WSnL9rMVJfVLXCV1eYyTFHg31nAnw!!,
1700,주요 과수 수확 후 과원 관리 요령,BS000000034178,https://nongsaro.go.kr/portal/bsFileDownload.do?ep=a5gb/CMEYLclIUPoWw9/DZpAzn2z8@sWTCNA5pR4wDXkyqO/aAdr9HJyTiKHoI@PVJfVLXCV1eYyTFHg31nAnw!!,
1699,"제때 씨뿌림 못한 유채, 모 길러 옮겨심기하세요!",BS000000034159,https://nongsaro.go.kr/portal/bsFileDownload.do?ep=a5gb/CMEYLclIUPoWw9/DZpAzn2z8@sWTCNA5pR4wDUDN5BteDVgANEVxqgPkIxDVJfVLXCV1eYyTFHg31nAnw!!,
1697,토종닭 달걀과 일반 달걀 무엇이 다를까,BS000000034098,https://nongsaro.go.kr/portal/bsFileDownload.do?ep=a5gb/CMEYLclIUPoWw9/DZpAzn2z8@sWTCNA5pR4wDX5GW3gd7wMbP20WfJUeTJsVJfVLXCV1eYyTFHg31nAnw!!,
1696,빅데이터로 알아보는 반려식물,BS000000034078,https://nongsaro.go.kr/portal/bsFileDownload.do?ep=a5gb/CMEYLclIUPoWw9/DZpAzn2z8@sWTCNA5pR4wDXNopcLXcdNwuqWQP1EgWH6VJfVLXCV1eYyTFHg31nAnw!!,
1695,청포도 샤인머스켓 생산량과 상품성 향상 요령,BS000000034065,https://nongsaro.go.kr/portal/bsFileDownload.do?ep=a5gb/CMEYLclIUPoWw9/DZpAzn2z8@sWTCNA5pR4wDWv6VJyfmLFKF7E40c9exHeVJfVLXCV1eYyTFHg31nAnw!!,
1694,영양 만점 무화과 즐겨먹기,BS000000034035,https://nongsaro.go.kr/portal/bsFileDownload.do?ep=a5gb/CMEYLclIUPoWw9/DZpAzn2z8@sWTCNA5pR4wDVeN7HWlPIwwppOZ3sWtwtJVJfVLXCV1eYyTFHg31nAnw!!,
1692,대파 병해충 방제,BS000000034012,https://nongsaro.go.kr/portal/bsFileDownload.do?ep=a5gb/CMEYLclIUPoWw9/DZpAzn2z8@sWTCNA5pR4wDXDGtBtLkQoi8BMF9O/s1QGVJfVLXCV1eYyTFHg31nAnw!!,
1691,초가을 불청객 집중호우·강풍 미리 알고 대비하면 농작물 피해 최소화,BS000000034004,https://nongsaro.go.kr/portal/bsFileDownload.do?ep=a5gb/CMEYLclIUPoWw9/DZpAzn2z8@sWTCNA5pR4wDXdYuGS3BjyhhVE4490qrO/VJfVLXCV1eYyTFHg31nAnw!!,
1690,정부가 함께 지원하는 농업보험 제도,BS000000033970,https://nongsaro.go.kr/portal/bsFileDownload.do?ep=a5gb/CMEYLclIUPoWw9/DZpAzn2z8@sWTCNA5pR4wDXQ7nsknKD9w7ljDGspF/g1VJfVLXCV1eYyTFHg31nAnw!!,
1689,꿀 먹고 자란 수벌번데기로 에너지젤리 만든다,BS000000033963,https://nongsaro.go.kr/portal/bsFileDownload.do?ep=a5gb/CMEYLclIUPoWw9/DZpAzn2z8@sWTCNA5pR4wDW7q67hTvbF/ycPiX9HV18/VJfVLXCV1eYyTFHg31nAnw!!,
1688,도라지 뿌리생장을 위한 꽃대 제거 요령,BS000000033952,https://nongsaro.go.kr/portal/bsFileDownload.do?ep=a5gb/CMEYLclIUPoWw9/DZpAzn2z8@sWTCNA5pR4wDVrquXtkvQx6k3SN/4h@KVQVJfVLXCV1eYyTFHg31nAnw!!,
1687,삼계탕용 대표 약재 황기 재배기술,BS000000033931,https://nongsaro.go.kr/portal/bsFileDownload.do?ep=a5gb/CMEYLclIUPoWw9/DZpAzn2z8@sWTCNA5pR4wDVr0xQKp5lyEtxyhc8/jM/1VJfVLXCV1eYyTFHg31nAnw!!,
1686,여름철 집중호우/태풍 대비 농작물 및 농업시설물 관리요령,BS000000033915,https://nongsaro.go.kr/portal/bsFileDownload.do?ep=a5gb/CMEYLclIUPoWw9/DZpAzn2z8@sWTCNA5pR4wDVfF2CcPApbER1Jd0tPjCi8r/BD1mimyxS24DCPRsGqxQ!!,
1685,농업인의 건강을 지켜주는 에어냉각조끼 개발 (농작업용),BS000000033904,https://nongsaro.go.kr/portal/bsFileDownload.do?ep=a5gb/CMEYLclIUPoWw9/DZpAzn2z8@sWTCNA5pR4wDWranrHW@fTWKyUyt@GtrpkVJfVLXCV1eYyTFHg31nAnw!!,
1684,이미지 영상정보를 이용한 노지 스마트 농업기술,BS000000033885,https://nongsaro.go.kr/portal/bsFileDownload.do?ep=a5gb/CMEYLclIUPoWw9/DZpAzn2z8@sWTCNA5pR4wDWM@8xsl4F9cQqm4KsIctIFVJfVLXCV1eYyTFHg31nAnw!!,
1683,드론을 이용한 벼 병해충 방제,BS000000033869,https://nongsaro.go.kr/portal/bsFileDownload.do?ep=a5gb/CMEYLclIUPoWw9/DZpAzn2z8@sWTCNA5pR4wDVjgKRthGdizbM4yDzlIl0eVJfVLXCV1eYyTFHg31nAnw!!,
1681,가을 재배를 위한 씨감자 준비,BS000000033836,https://nongsaro.go.kr/portal/bsFileDownload.do?ep=a5gb/CMEYLclIUPoWw9/DZpAzn2z8@sWTCNA5pR4wDVqhUN06AIBcehAnZ0KYl9qVJfVLXCV1eYyTFHg31nAnw!!,
1680,내가 직접 재배해서 수확한 들깻잎으로 건강한 여름나기,BS000000033829,https://nongsaro.go.kr/portal/bsFileDownload.do?ep=a5gb/CMEYLclIUPoWw9/DZpAzn2z8@sWTCNA5pR4wDWhijZb2CrzdSEB9A9DsghkVJfVLXCV1eYyTFHg31nAnw!!,
1679,용의 여의주를 닮은 아열대 과일 용과 수확 및 저장,BS000000033787,https://nongsaro.go.kr/portal/bsFileDownload.do?ep=a5gb/CMEYLclIUPoWw9/DZpAzn2z8@sWTCNA5pR4wDXxNObk0ZpKX@E2wEKGgjKCVJfVLXCV1eYyTFHg31nAnw!!,
1678,작지만 알찬 텃밭 꾸미려면 심을 작물들 궁합 먼저 보세요,BS000000033695,https://nongsaro.go.kr/portal/bsFileDownload.do?ep=a5gb/CMEYLclIUPoWw9/DZpAzn2z8@sWTCNA5pR4wDUFLjPhvsm1rD03d72t2bKpVJfVLXCV1eYyTFHg31nAnw!!,
1677,이상기상 대응에 따른 여름철 과수원 관리 요령,BS000000033687,https://nongsaro.go.kr/portal/bsFileDownload.do?ep=a5gb/CMEYLclIUPoWw9/DZpAzn2z8@sWTCNA5pR4wDVqzmahd7S2fwRH0iWYY5YLVJfVLXCV1eYyTFHg31nAnw!!,
1676,2020년 농업인 업무상 질병 조사 결과,BS000000033669,https://nongsaro.go.kr/portal/bsFileDownload.do?ep=a5gb/CMEYLclIUPoWw9/DZpAzn2z8@sWTCNA5pR4wDUVh5uXdb7tqt2cY25kXLzlVJfVLXCV1eYyTFHg31nAnw!!,
1675,가족과 함께 하는 여름철 콩·팥 텃밭 가꾸기,BS000000033647,https://nongsaro.go.kr/portal/bsFileDownload.do?ep=a5gb/CMEYLclIUPoWw9/DZpAzn2z8@sWTCNA5pR4wDV5B46RcW0RvzfdT15GOM9IVJfVLXCV1eYyTFHg31nAnw!!,
1674,인삼 고온피해 최소화하려면,BS000000033626,https://nongsaro.go.kr/portal/bsFileDownload.do?ep=a5gb/CMEYLclIUPoWw9/DZpAzn2z8@sWTCNA5pR4wDWGS9hGU759p7QYX61rU6Z7VJfVLXCV1eYyTFHg31nAnw!!,
1673,"수박, 이제 서서 재배합니다",BS000000033589,https://nongsaro.go.kr/portal/bsFileDownload.do?ep=a5gb/CMEYLclIUPoWw9/DZpAzn2z8@sWTCNA5pR4wDXB7xyuXfLh47grZUpYFRSCVJfVLXCV1eYyTFHg31nAnw!!,
1672,몸속의 100가지 독을 해독하는 잔대의 효능 및 재배기술,BS000000033565,https://nongsaro.go.kr/portal/bsFileDownload.do?ep=a5gb/CMEYLclIUPoWw9/DZpAzn2z8@sWTCNA5pR4wDW@fODFo/4ak0Im5nPLOlTQVJfVLXCV1eYyTFHg31nAnw!!,
1671,상처치료 원료로 각광 받는 병풀 효능 및 재배기술,BS000000033553,https://nongsaro.go.kr/portal/bsFileDownload.do?ep=a5gb/CMEYLclIUPoWw9/DZpAzn2z8@sWTCNA5pR4wDXPkgKM05f5ldtmd4GzCnFcVJfVLXCV1eYyTFHg31nAnw!!,
1670,"고추재배, 날개 달린 진딧물 조심하세요",BS000000033538,https://nongsaro.go.kr/portal/bsFileDownload.do?ep=a5gb/CMEYLclIUPoWw9/DZpAzn2z8@sWTCNA5pR4wDVoUwWCrCSHSKkn@YpvzJEHVJfVLXCV1eYyTFHg31nAnw!!,
1669,플럼코트 수확시기 설정 및 보관방법,BS000000033510,https://nongsaro.go.kr/portal/bsFileDownload.do?ep=a5gb/CMEYLclIUPoWw9/DZpAzn2z8@sWTCNA5pR4wDUG5GBzxkB@frjpcxYkRhfqVJfVLXCV1eYyTFHg31nAnw!!,
1668,자연이 주는 백신 한국형 치유농업 모델 개발,BS000000033487,https://nongsaro.go.kr/portal/bsFileDownload.do?ep=a5gb/CMEYLclIUPoWw9/DZpAzn2z8@sWTCNA5pR4wDX0GVyk07G4VpH9eXqqSUFmr/BD1mimyxS24DCPRsGqxQ!!,
1667,제초제 저항성 잡초 올챙이고랭이 방제,BS000000033467,https://nongsaro.go.kr/portal/bsFileDownload.do?ep=a5gb/CMEYLclIUPoWw9/DZpAzn2z8@sWTCNA5pR4wDUHlBOAYBj5kO5b0nHzJx6ur/BD1mimyxS24DCPRsGqxQ!!,
1666,여름철 대표 과일 수박 이야기,BS000000033454,https://nongsaro.go.kr/portal/bsFileDownload.do?ep=a5gb/CMEYLclIUPoWw9/DZpAzn2z8@sWTCNA5pR4wDWRXlbj4gMeGc7O2qGWOfkrVJfVLXCV1eYyTFHg31nAnw!!,
1665,과학영농 실현·지속가능한 농업 구현 디지털농업 촉진 기본 계획 나왔다,BS000000033446,https://nongsaro.go.kr/portal/bsFileDownload.do?ep=a5gb/CMEYLclIUPoWw9/DZpAzn2z8@sWTCNA5pR4wDViOb@tOAria74uyo8T6l5Qr/BD1mimyxS24DCPRsGqxQ!!,
1664,농작업시 분진이 건강에 미치는 영향과 대책,BS000000033428,https://nongsaro.go.kr/portal/bsFileDownload.do?ep=a5gb/CMEYLclIUPoWw9/DZpAzn2z8@sWTCNA5pR4wDXg04W0l121SqVM7N8k8y0PVJfVLXCV1eYyTFHg31nAnw!!,
1663,올해 비래해충 발생 시기 빨라 피해 많을 듯,BS000000033394,https://nongsaro.go.kr/portal/bsFileDownload.do?ep=a5gb/CMEYLclIUPoWw9/DZpAzn2z8@sWTCNA5pR4wDXf7bRX@q4Do8q/tg1vI2PnVJfVLXCV1eYyTFHg31nAnw!!,
1662,"수확 마친 딸기 묘, 꺾꽂이 묘로 활용",BS000000033354,https://nongsaro.go.kr/portal/bsFileDownload.do?ep=a5gb/CMEYLclIUPoWw9/DZpAzn2z8@sWTCNA5pR4wDX7Z2rSA9Wgsv6Q4qwTLloEVJfVLXCV1eYyTFHg31nAnw!!,
1661,2021년 대한민국 최고 농업기술명인을 찾습니다,BS000000033345,https://nongsaro.go.kr/portal/bsFileDownload.do?ep=a5gb/CMEYLclIUPoWw9/DZpAzn2z8@sWTCNA5pR4wDWmgzGN0QGhS0cmJZ2NHf38VJfVLXCV1eYyTFHg31nAnw!!,
1660,한우·돼지 한 마리에서 소비자가 먹을 수 있는 고기는 얼마나 생산될까?,BS000000033337,https://nongsaro.go.kr/portal/bsFileDownload.do?ep=a5gb/CMEYLclIUPoWw9/DZpAzn2z8@sWTCNA5pR4wDWrzOLbDC9vK9FNny1y1yhQzikZYGMo0Hz8ayNFiXs3DQ!!,
1659,봄철 이상고온으로 돌발해충 발생 증가 우려,BS000000033329,https://nongsaro.go.kr/portal/bsFileDownload.do?ep=a5gb/CMEYLclIUPoWw9/DZpAzn2z8@sWTCNA5pR4wDWWDqNYcyQcdRRigiAoAxePVJfVLXCV1eYyTFHg31nAnw!!,
1658,드문모심기 할 때 건강한 모기르기는 이렇게,BS000000033322,https://nongsaro.go.kr/portal/bsFileDownload.do?ep=a5gb/CMEYLclIUPoWw9/DZpAzn2z8@sWTCNA5pR4wDV/WrqRr1WrAzi0Q1mRqOWsVJfVLXCV1eYyTFHg31nAnw!!,
1656,봄철 맥류 병 미리 살펴 피해 최소화 해야,BS000000033276,https://nongsaro.go.kr/portal/bsFileDownload.do?ep=a5gb/CMEYLclIUPoWw9/DZpAzn2z8@sWTCNA5pR4wDVGeA6R3UBp14HJSnJzNdOxVJfVLXCV1eYyTFHg31nAnw!!,
1654,"코로나 19,  실내 텃밭가꾸기",BS000000033109,https://nongsaro.go.kr/portal/bsFileDownload.do?ep=a5gb/CMEYLclIUPoWw9/DZpAzn2z8@sWTCNA5pR4wDU9YHDo1DBG4/PmIZSdVOIGzikZYGMo0Hz8ayNFiXs3DQ!!,
1653,봄철 춘곤증 쌉싸름한 제철 약초로 해결,BS000000033086,https://nongsaro.go.kr/portal/bsFileDownload.do?ep=a5gb/CMEYLclIUPoWw9/DZpAzn2z8@sWTCNA5pR4wDXxq/TPvAW0LiFzPSHNcB/4r/BD1mimyxS24DCPRsGqxQ!!,
1652,수확량을 늘리고 해충 걱정 덜어주는 텃밭 재배법,BS000000033066,https://nongsaro.go.kr/portal/bsFileDownload.do?ep=a5gb/CMEYLclIUPoWw9/DZpAzn2z8@sWTCNA5pR4wDUP4IWuDbmRhvW@QKGbybygQjnQA48bg@TA9FL5Pk@pfg!!,
1651,돼지고기 구이 알고 먹으면 더 맛있다!,BS000000033049,https://nongsaro.go.kr/portal/bsFileDownload.do?ep=a5gb/CMEYLclIUPoWw9/DZpAzn2z8@sWTCNA5pR4wDWryPwUlEux9lpHtSYdpE1lr/BD1mimyxS24DCPRsGqxQ!!,
1649,배ㆍ복숭아꽃 평년보다 빨리 필 듯,BS000000033029,https://nongsaro.go.kr/portal/bsFileDownload.do?ep=a5gb/CMEYLclIUPoWw9/DZpAzn2z8@sWTCNA5pR4wDXPI6S163D61t8@wdE5n///r/BD1mimyxS24DCPRsGqxQ!!,
1648,"꽃으로 코로나 우울증 날리고, 집안에 활력을",BS000000033012,https://nongsaro.go.kr/portal/bsFileDownload.do?ep=a5gb/CMEYLclIUPoWw9/DZpAzn2z8@sWTCNA5pR4wDUB6sxKxeR2X1C3/ftU5X6Kr/BD1mimyxS24DCPRsGqxQ!!,
1645,일찍 꽃 피는 플럼코트 인공수분 요령,BS000000032934,https://nongsaro.go.kr/portal/bsFileDownload.do?ep=a5gb/CMEYLclIUPoWw9/DZpAzn2z8@sWTCNA5pR4wDUKsNbnmtegwccbIyxs3CbOVJfVLXCV1eYyTFHg31nAnw!!,
1644,"과수화상병 예방, 사전방제 당부",BS000000032917,https://nongsaro.go.kr/portal/bsFileDownload.do?ep=a5gb/CMEYLclIUPoWw9/DZpAzn2z8@sWTCNA5pR4wDVNLQ9x7V2L2/sRUf0CSMNyr/BD1mimyxS24DCPRsGqxQ!!,
1643,봄맞이 인삼밭 주요 관리 요령,BS000000032908,https://nongsaro.go.kr/portal/bsFileDownload.do?ep=a5gb/CMEYLclIUPoWw9/DZpAzn2z8@sWTCNA5pR4wDUUV/ah0BH06Ost1/m9NWyZr/BD1mimyxS24DCPRsGqxQ!!,
1641,아삭한 식감에 수량 많고 재배 편한 홍산마늘 재배 현장을 찾아서,BS000000032887,https://nongsaro.go.kr/portal/bsFileDownload.do?ep=a5gb/CMEYLclIUPoWw9/DZpAzn2z8@sWTCNA5pR4wDX6Pp1LeIOi@luiooYVGmehr/BD1mimyxS24DCPRsGqxQ!!,
1640,겨울나기 한 사료작물 관리요령 : 제때 웃거름주기와 배수로 설치,BS000000032879,https://nongsaro.go.kr/portal/bsFileDownload.do?ep=a5gb/CMEYLclIUPoWw9/DZpAzn2z8@sWTCNA5pR4wDXesRCxsuCK1EmWDyKToAQbr/BD1mimyxS24DCPRsGqxQ!!,
1639,꼬마배나무이 방제법,BS000000032864,https://nongsaro.go.kr/portal/bsFileDownload.do?ep=a5gb/CMEYLclIUPoWw9/DZpAzn2z8@sWTCNA5pR4wDXeFmU8NYHZVgGmEAvLwVIar/BD1mimyxS24DCPRsGqxQ!!,
1638,톡톡 튀는 아이디어 상품으로 소비자를 유혹하는 농업인들,BS000000032851,https://nongsaro.go.kr/portal/bsFileDownload.do?ep=a5gb/CMEYLclIUPoWw9/DZpAzn2z8@sWTCNA5pR4wDU85QYzoKszsS0b18a9KlYwr/BD1mimyxS24DCPRsGqxQ!!,
1636,감자 갈라짐 증상 예방 할 수 있습니다.,BS000000032839,https://nongsaro.go.kr/portal/bsFileDownload.do?ep=a5gb/CMEYLclIUPoWw9/DZpAzn2z8@sWTCNA5pR4wDVd0B85gD14ivr4XlcOsjsNVJfVLXCV1eYyTFHg31nAnw!!,
1635,맥류 겨울나기 한 포장 관리와 봄 파종,BS000000032832,https://nongsaro.go.kr/portal/bsFileDownload.do?ep=a5gb/CMEYLclIUPoWw9/DZpAzn2z8@sWTCNA5pR4wDWZfTEV2zA5dwusvjwpboj8r/BD1mimyxS24DCPRsGqxQ!!,
1634,과수 화상병 예방을 위한 가지치기할 때 농업인 준수사항,BS000000032822,https://nongsaro.go.kr/portal/bsFileDownload.do?ep=a5gb/CMEYLclIUPoWw9/DZpAzn2z8@sWTCNA5pR4wDUbCfjEqL0e@QDoZpgBrF6Ar/BD1mimyxS24DCPRsGqxQ!!,
1633,산소 및 잔디 문제잡초 띠 발생 특성 및 방제요령,BS000000032813,https://nongsaro.go.kr/portal/bsFileDownload.do?ep=a5gb/CMEYLclIUPoWw9/DZpAzn2z8@sWTCNA5pR4wDX3kqcBRxha6nqbK6ze5bn/&atchmnflSn=,
1631,영양만점 새싹작물로 건강 챙기고 코로나 이긴다.,BS000000032792,https://nongsaro.go.kr/portal/bsFileDownload.do?ep=a5gb/CMEYLclIUPoWw9/DZpAzn2z8@sWTCNA5pR4wDXC0jkNbJ5fiUXeGfuSTWZnVJfVLXCV1eYyTFHg31nAnw!!,
1625,무병묘 생산으로 지역 농업을 지키는 조직배양실,BS000000032754,https://nongsaro.go.kr/portal/bsFileDownload.do?ep=a5gb/CMEYLclIUPoWw9/DZpAzn2z8@sWTCNA5pR4wDWh8XtCg1Ngi4knxzePdXbwVJfVLXCV1eYyTFHg31nAnw!!,
1624,2021년은 신축년(辛丑年) 소띠 해. 우리가 모르는 한우의 모든 비밀,BS000000032748,https://nongsaro.go.kr/portal/bsFileDownload.do?ep=a5gb/CMEYLclIUPoWw9/DZpAzn2z8@sWTCNA5pR4wDV/4MWrfLNwhQUOLmYuNGYMVJfVLXCV1eYyTFHg31nAnw!!,
1623,"추운 겨울, 국민 건강 간식 고구마로 훈훈하게",BS000000032727,https://nongsaro.go.kr/portal/bsFileDownload.do?ep=a5gb/CMEYLclIUPoWw9/DZpAzn2z8@sWTCNA5pR4wDVWGzGchL2IeY3HolbdQ2OiVJfVLXCV1eYyTFHg31nAnw!!,
1622,알아두면 편리한 축산농가 소독 요령,BS000000032721,https://nongsaro.go.kr/portal/bsFileDownload.do?ep=a5gb/CMEYLclIUPoWw9/DZpAzn2z8@sWTCNA5pR4wDWU3RjhrzBR3oj0GVd5jBEdVJfVLXCV1eYyTFHg31nAnw!!,
1621,블루베리 거래 특성과 출하 전략,BS000000032637,https://nongsaro.go.kr/portal/bsFileDownload.do?ep=a5gb/CMEYLclIUPoWw9/DZpAzn2z8@sWTCNA5pR4wDXtdABYPEnsidgGE/yPrYQmVJfVLXCV1eYyTFHg31nAnw!!,
1619,2021년 농식품 분야 달라지는 주요 제도,BS000000032611,https://nongsaro.go.kr/portal/bsFileDownload.do?ep=a5gb/CMEYLclIUPoWw9/DZpAzn2z8@sWTCNA5pR4wDX5kzH67cRIBk4vTm1fXZKfr/BD1mimyxS24DCPRsGqxQ!!,
1618,"겨울 인삼밭, 습기 피해 주의하고 시설 단단히 고정",BS000000032575,https://nongsaro.go.kr/portal/bsFileDownload.do?ep=a5gb/CMEYLclIUPoWw9/DZpAzn2z8@sWTCNA5pR4wDUYX2ibpxc/aVJQBA/6N2dBr/BD1mimyxS24DCPRsGqxQ!!,
1617,방역 수칙 준수로 안전하고 유익한 2021년 새해농업인 실용교육,BS000000032563,https://nongsaro.go.kr/portal/bsFileDownload.do?ep=a5gb/CMEYLclIUPoWw9/DZpAzn2z8@sWTCNA5pR4wDU3KCy3S3MdO0zy@SGiic12VJfVLXCV1eYyTFHg31nAnw!!,
1616,반려견과 함께 건강한 겨울나기,BS000000032549,https://nongsaro.go.kr/portal/bsFileDownload.do?ep=a5gb/CMEYLclIUPoWw9/DZpAzn2z8@sWTCNA5pR4wDVERnwU5oLpwn4Lc0YR@vevVJfVLXCV1eYyTFHg31nAnw!!,
1615,국내 환경에 적합한 커피 재배법 알아보기,BS000000032540,https://nongsaro.go.kr/portal/bsFileDownload.do?ep=a5gb/CMEYLclIUPoWw9/DZpAzn2z8@sWTCNA5pR4wDXcneuI5Y69b8z3JuepjY1rVJfVLXCV1eYyTFHg31nAnw!!,
1614,생약으로 거듭나기 위한 약용 작물 수확 후 관리 방법,BS000000032481,https://nongsaro.go.kr/portal/bsFileDownload.do?ep=a5gb/CMEYLclIUPoWw9/DZpAzn2z8@sWTCNA5pR4wDWh14cARdzFiq@k9wTzvrq9VJfVLXCV1eYyTFHg31nAnw!!,
1613,싱그러운 관엽식물 안전한 겨울나기,BS000000032457,https://nongsaro.go.kr/portal/bsFileDownload.do?ep=a5gb/CMEYLclIUPoWw9/DZpAzn2z8@sWTCNA5pR4wDW5mJw6iymOHAxlyZlXYZHAVJfVLXCV1eYyTFHg31nAnw!!,
1612,코로나19 이후 2021년 외식산업 전망,BS000000032387,https://nongsaro.go.kr/portal/bsFileDownload.do?ep=a5gb/CMEYLclIUPoWw9/DZpAzn2z8@sWTCNA5pR4wDWYlVrtjc2Y3/V8sHUUq5e5zikZYGMo0Hz8ayNFiXs3DQ!!,
1611,소비자 요구에 맞춘 농산물 생산과 판매,BS000000032321,https://nongsaro.go.kr/portal/bsFileDownload.do?ep=a5gb/CMEYLclIUPoWw9/DZpAzn2z8@sWTCNA5pR4wDVMyBI38zCuwRWE9Wddc29SVJfVLXCV1eYyTFHg31nAnw!!,
1609,가축전염병 예방을 위한 세척·소독실시 요령,BS000000032250,https://nongsaro.go.kr/portal/bsFileDownload.do?ep=a5gb/CMEYLclIUPoWw9/DZpAzn2z8@sWTCNA5pR4wDVfiqRux9@mh2sjueusSCIW&atchmnflSn=,
